,N,xm,nr,ni,taus_out,taua_out,qs_tm,qs_pm,m0,p1,p2,p3,Rf,xm_m0,N_m0,N_xm
0,1024,0.336,1.3,0.001,0.0008434970376737,0.0005740611938353,0.245158,0.1893056596202261,0.1869929306910146,1.8625097381934252,-0.09439059238725497,-0.10030232423379233,1.6728591874378875,0.06282962471218091,9.574038051379949,344.064
1,1024,0.336,1.3,0.004,0.0008435669866131,0.0022960504081544,0.2445364,0.1902333366750787,0.18700884161077186,1.9209625939408563,-0.0946442166342043,-0.10101151438037936,1.6826423549040153,0.06283497078121934,9.57485269047152,344.064
2,1024,0.336,1.3,0.023,0.0008480178634899,0.0131956363596557,0.2422944,0.1978100089268975,0.18755224681131422,2.2354631891384167,-0.09644413268935265,-0.10480133364472992,1.3560024070065395,0.06301755492860157,9.602675036739289,344.064
3,1024,0.336,1.3,0.045,0.0008618162376458,0.0258041599859647,0.24202120000000002,0.2103227832683103,0.18912870484013802,2.6192685544724306,-0.09827935968888321,-0.10948872536202503,0.9357028894569605,0.06354724482628638,9.683389687815067,344.064
4,1024,0.336,1.3,0.09,0.0009189671130325,0.0515646201011822,0.24921559999999998,0.2460817460140619,0.1954102188797921,3.3826073635315304,-0.10237396014677702,-0.1187389688136498,0.30342494581220536,0.06565783354361014,10.005003206645355,344.064
5,1024,0.336,1.66,0.001,0.0033956794822717,0.0004603005358772,1.0805263999999999,1.0379629820662095,0.36916521165684457,1.9267211845040002,-0.09514781315788848,-0.10196246327267051,1.6164056338585482,0.12403951111669978,18.901258836830443,344.064
6,1024,0.336,1.66,0.002,0.003395624796439,0.0009205802264317,1.079594,1.0366943465051721,0.3691665241415702,1.9456854965504216,-0.09537718935510375,-0.10216713709501597,1.6035162386856787,0.1240399521115676,18.901326036048395,344.064
7,1024,0.336,1.66,0.002,0.003395624796439,0.0009205802264317,1.079594,1.0366943465051721,0.3691665241415702,1.9456854965504216,-0.09537718935510375,-0.10216713709501597,1.6035162386856787,0.1240399521115676,18.901326036048395,344.064
8,1024,0.336,1.71,0.023,0.0038215122721335,0.010225498754662,1.212872,1.173994149576414,0.39096277768520404,2.2719653175904653,-0.09695471150165524,-0.10639574898634434,1.1673540093030217,0.13136349330222857,20.017294217482448,344.064
9,1024,0.336,1.71,0.09,0.0038756178557522,0.0399405761972815,1.174056,1.1033696100912325,0.39397345624574553,3.304230840442911,-0.1025914841447026,-0.11880492624445847,0.3356797905161276,0.1323750812985705,20.171440959782174,344.064
10,1024,0.336,2.0,0.004,0.0063785672493697,0.0014492917132555,2.212258333333333,2.2761784522671205,0.5000039999822224,1.4770245851232158,-0.0555868148513928,-0.07253956162941712,1.476005477095213,0.16800134399402675,25.60020479908979,344.064
11,1024,0.336,2.0,0.023,0.0063797348873644,0.0083303519125196,2.175496,2.238625639750526,0.5001322305708222,2.2542035184735183,-0.0982387183122978,-0.10796562527335395,1.0802382028466695,0.1680444294717963,25.6067702052261,344.064
12,1024,0.336,2.0,0.045,0.0063869715493983,0.0162903023230325,2.1474439999999997,2.1961430744735404,0.5005059654711365,2.57087883426808,-0.09996159277552974,-0.11174256901172946,0.7789499202551837,0.16817000439830185,25.625905432122188,344.064
13,1024,0.336,2.0,0.09,0.006421414714617,0.0325386928285917,2.0992599999999997,2.1220458327831233,0.5020204588443438,3.1989364747555786,-0.10296424830724182,-0.11934717634565352,0.3869454715970855,0.16867887417169952,25.703447492830403,344.064
14,1024,0.43,1.3,0.023,0.0022496609565352,0.017222020777004,0.4373612,0.4137544113664223,0.18755224681131422,3.8088051857493017,-0.3593825500711147,-0.20293290214629459,1.3560024070065395,0.08064746612886511,9.602675036739289,440.32
15,1024,0.43,1.3,0.09,0.002432881200259,0.0671674086168441,0.43984520000000005,0.4473232171955504,0.1954102188797921,6.28262412570194,-0.39007500707864684,-0.245822288905992,0.30342494581220536,0.0840263941183106,10.005003206645355,440.32
16,1024,0.43,2.0,0.023,0.0175314038615873,0.0114309356288248,3.94538,3.9176873208372074,0.5001322305708222,4.236493889011678,-0.38365334838333265,-0.22609570001043777,1.0802382028466695,0.21505685914545355,25.6067702052261,440.32
17,1024,0.43,2.0,0.09,0.0176226818109974,0.0445967052243793,3.729068,3.692909269233394,0.5020204588443438,6.430512783854391,-0.4099682540808969,-0.26308581935005576,0.3869454715970855,0.21586879730306782,25.703447492830403,440.32
18,1024,0.53,1.3,0.023,0.0051133066809882,0.0217620128486533,0.718286,0.7162563915230263,0.18755224681131422,5.589116779961808,-1.058658704532019,-0.29494892913179444,1.3560024070065395,0.09940269080999654,9.602675036739289,542.72
19,1024,0.53,1.3,0.09,0.005510398504453,0.0845995484169822,0.7074572222222222,0.7119274958866929,0.1954102188797921,9.192423910743827,-0.5845435382347423,-0.3037518846289856,0.30342494581220536,0.10356741600628981,10.005003206645355,542.72
20,1024,0.53,2.0,0.023,0.041699295327772,0.0154102258334246,6.279196,6.157126399111206,0.5001322305708222,6.527638915692515,-1.1936234591986417,-0.3685597937663428,1.0802382028466695,0.2650700822025358,25.6067702052261,542.72
21,1024,0.53,2.0,0.09,0.041815207860918,0.0599952152205937,5.797003999999999,5.747386753062641,0.5020204588443438,11.094568060397664,-1.3071626235137672,-0.46491411349165285,0.3869454715970855,0.2660708431875022,25.703447492830403,542.72
22,1024,0.64,1.3,0.023,0.0106266357156621,0.0270791309414474,1.1151877272727273,1.1384534688092907,0.18755224681131422,8.060432615164414,-2.748540925787709,-0.23612212911280592,1.3560024070065395,0.1200334379592411,9.602675036739289,655.36
23,1024,0.64,1.3,0.045,0.0107588565036948,0.0527718198543953,1.0820492,1.0871659654837689,0.18912870484013802,11.516157629303013,-2.8688083702153913,-0.3685249241350408,0.9357028894569605,0.12104237109768834,9.683389687815067,655.36
24,1024,0.64,1.3,0.09,0.0113857760326999,0.1047281261892271,1.059509090909091,1.0501717413945841,0.1954102188797921,16.637300040342396,-2.87847177985168,-0.4837455893285507,0.30342494581220536,0.12506254008306694,10.005003206645355,655.36
25,1024,0.64,1.71,0.023,0.0522203307176609,0.0234790203621736,5.403696,5.38543411301715,0.39096277768520404,10.305991948189641,-3.0350895103203825,-0.39594148833486137,1.1673540093030217,0.2502161777185306,20.017294217482448,655.36
26,1024,0.64,1.71,0.045,0.0521905261569706,0.0457838123403745,5.219972,5.185589889677374,0.3915593833365561,13.220329142356949,-3.172662139981416,-0.46827860763752643,0.8203925604562989,0.2505980053353959,20.047840426831673,655.36
27,1024,0.64,1.71,0.09,0.0524596024043261,0.0909424055100486,4.8813375,4.8463004466733555,0.39397345624574553,17.679226485338738,-2.4145187227073097,-0.6068178886044926,0.3356797905161276,0.2521430119972771,20.171440959782174,655.36
28,1024,0.64,2.0,0.023,0.0917315401288852,0.0208449061898523,8.99875,9.149806108170965,0.5001322305708222,8.53741666677493,-2.6763530907454323,-0.47146324650478305,1.0802382028466695,0.32008462756532624,25.6067702052261,655.36
29,1024,0.64,2.0,0.045,0.0915882046329522,0.040668973557798,8.675413333333333,8.867885640810865,0.5005059654711365,12.00782148199439,-2.92786655340132,-0.5528740830422794,0.7789499202551837,0.32032381790152736,25.625905432122188,655.36
30,1024,0.64,2.0,0.09,0.091588492118976,0.0808588933632802,8.154407692307693,8.35573041057387,0.5020204588443438,16.122930312502127,-2.1936998354820085,-0.5378356403153185,0.3869454715970855,0.32129309366038,25.703447492830403,655.36
31,128,0.43,1.3,0.023,0.0015849520862361,0.0121334184515315,0.1601388,0.2197209081920515,0.18755224681131422,0.5251093424161426,-3.558824549804076e-05,-0.0009158261007585133,1.3560024070065395,0.08064746612886511,1.200334379592411,55.04
32,128,0.43,1.45,0.023,0.003339907675819,0.0112654304551588,0.3523868,0.322466561965983,0.26910035208315425,0.5369993772429231,-0.0001111284648697931,-0.0009301816905042088,1.2760359170932933,0.11571315139575633,1.7222422533321873,55.04
33,128,0.43,1.98,0.09,0.0120632585648049,0.0318236819722583,1.45105,1.4172659544490989,0.4953588723958299,0.36838454864228737,0.0014537560317274163,0.003609143739410531,0.38304593270227616,0.21300431513020684,3.1702967833333116,55.04
34,128,0.43,2.0,0.023,0.012351387903298,0.0080534292155918,1.5313480000000002,1.5528251411765792,0.5001322305708222,0.5482294500835047,-0.0001557523141113102,-0.001033358961728133,1.0802382028466695,0.21505685914545355,3.2008462756532623,55.04
35,128,0.44,1.66,0.086,0.0072044847192946,0.0382643442125326,0.7474451999999999,0.7058639263709976,0.3723876490405265,0.86094852151784,-0.00023582502317312862,-0.0018927963365343893,0.36536010617203685,0.16385056557783167,2.3832809538593698,56.32
36,128,0.47,1.6,0.055,0.0079421583440683,0.0275285707250751,0.767075,0.7230667184618327,0.343588363808897,0.347629913255837,0.000937589316127389,0.005435080691992594,0.707280692829738,0.1614865309901816,2.198965528376941,60.16
37,128,0.48,1.3,0.023,0.0024431910707061,0.0137062621591827,0.211734,0.2319328159780684,0.18755224681131422,0.6183080585982746,-0.00018930479444175495,-0.0013087568908385291,1.3560024070065395,0.09002507846943082,1.200334379592411,61.44
38,128,0.48,1.45,0.023,0.0051763061652382,0.0128085511750113,0.46780720000000003,0.440194572473014,0.26910035208315425,0.6502054429521992,-0.0001500666800995122,-0.0014245148986577582,1.2760359170932933,0.12916816899991404,1.7222422533321873,61.44
39,128,0.48,2.0,0.023,0.0194590068672725,0.009383477707881,2.03955,2.0717863870320077,0.5001322305708222,0.7306930453628558,-0.00010271465603056999,-0.0015782442440451776,1.0802382028466695,0.24006347067399467,3.2008462756532623,61.44
40,128,0.54,1.54,0.055,0.0115481037297281,0.0337603348574687,0.8895500000000001,0.8674408449307542,0.31543090426412945,0.502460807462559,0.00244041668039105,0.00831375013857989,0.7172736279735988,0.1703326883026299,2.0187577872904288,69.12
41,128,0.58,1.3,0.023,0.0051162200823291,0.0169997451192684,0.34057719999999997,0.2989622590782992,0.18755224681131422,0.6938282866515807,-9.787297721808655e-05,-0.002007196276827277,1.3560024070065395,0.10878030315056224,1.200334379592411,74.24
42,128,0.58,1.45,0.023,0.0109694355809624,0.0161148959637412,0.7569104,0.7411904736507919,0.26910035208315425,0.8439064209483377,-0.00024184339018500957,-0.002697576547333302,1.2760359170932933,0.15607820420822946,1.7222422533321873,74.24
43,128,0.58,2.0,0.023,0.0427867276551722,0.0124845710597045,3.256696,3.286926313353173,0.5001322305708222,1.0082609790809767,-0.0008063252162350907,-0.0050059062391074995,1.0802382028466695,0.29007669373107686,3.2008462756532623,74.24
44,128,0.6,1.68,0.02,0.026282159398492,0.0132848670028884,1.8366,1.8577349923555606,0.37807171453170224,0.4285503902352477,0.0041610073398037906,0.012013726381225553,1.235056122105173,0.22684302871902134,2.4196589730028943,76.8
45,128,0.6,1.84,0.05,0.0374222377497846,0.0307580313360771,2.546252,2.600596712674746,0.4437587516881427,1.5119222639003733,-0.0013437077824352828,-0.0073725460835508275,0.7376731133432122,0.2662552510128856,2.8400560108041137,76.8
46,128,0.64,1.3,0.001,0.0074725596330919,0.0008325425667259,0.4459088,0.3780631317010585,0.1869929306910146,0.7081953377008696,-0.00043402397017277584,-0.002086571512550758,1.6728591874378875,0.11967547564224935,1.1967547564224936,81.92
47,128,0.64,1.3,0.023,0.0074839418947088,0.0190708186436009,0.43433439999999995,0.3643603534610009,0.18755224681131422,1.027853454457859,-0.0008074883491079356,-0.0038548235677946636,1.3560024070065395,0.1200334379592411,1.200334379592411,81.92
48,128,0.64,1.3,0.09,0.008018576013602,0.0737561004360707,0.4264716,0.3858755856623488,0.1954102188797921,2.0082714305355953,-0.001435342006666701,-0.009418676427386067,0.30342494581220536,0.12506254008306694,1.2506254008306694,81.92
49,128,0.64,1.68,0.001,0.0342138477928831,0.0007302132587621,2.1732,2.2505725427945737,0.3779035403546397,0.9954303819693402,-0.0009662394584999817,-0.004959415434655203,1.61319924438571,0.2418582658269694,2.418582658269694,81.92
50,128,0.64,1.68,0.004,0.0341972796024833,0.0029194977317025,2.162168,2.2386593119357503,0.37790986393688075,1.048676778989387,-0.0011161436349695214,-0.005234279719236031,1.56363675785278,0.2418623129196037,2.418623129196037,81.92
51,128,0.64,1.71,0.045,0.0367558346464607,0.0322438258393115,2.221884,2.2661753421070427,0.3915593833365561,1.6851099787192252,-0.0015774732043744855,-0.00904423043171709,0.8203925604562989,0.2505980053353959,2.505980053353959,81.92
52,128,0.64,2.0,0.001,0.0647711588225213,0.0006400391984234,4.214280952380952,4.22266065083086,0.5000002499999305,0.821449746519264,0.0001508705939300527,-0.0024400835753831153,1.5619078409336673,0.32000015999995557,3.2000015999995557,81.92
53,128,0.64,2.0,0.004,0.0647442627985197,0.0025591999796165,4.1899625,4.205379373242943,0.5000039999822224,0.9419140764895129,-0.0004352661405420521,-0.004998968713743858,1.476005477095213,0.32000255998862237,3.200025599886224,81.92
54,128,0.64,2.0,0.023,0.0646030911951662,0.0146802874305353,4.086108695652174,4.100716061061908,0.5001322305708222,1.1798103244446214,-0.00016827219519874488,-0.0044687247216936565,1.0802382028466695,0.32008462756532624,3.2008462756532623,81.92
55,128,0.64,2.0,0.09,0.0645023478345242,0.0569458929235106,3.776685714285714,3.790543412774445,0.5020204588443438,2.1670480841004816,-0.0010697012852048174,-0.009542285940998664,0.3869454715970855,0.32129309366038,3.2129309366038004,81.92
56,128,0.65,1.6,0.02,0.0291190764137424,0.015357164868802,1.8331,1.796156683323928,0.3423017070441171,-1.0571814447660604,0.015284791162366446,0.04841860946153422,1.2673607800715398,0.22249610957867613,2.1907309250823497,83.2
57,128,0.73,1.3,0.023,0.0123575441609318,0.0223047708803875,0.5990403333333333,0.50080478477799,0.18755224681131422,1.5380146566607211,-0.0036448287524386384,-0.01223169407906743,1.3560024070065395,0.13691314017225936,1.200334379592411,93.44
58,128,0.73,1.45,0.023,0.0270090024540474,0.0216464897877632,1.3306559999999998,1.344627952782122,0.26910035208315425,1.7567630186739487,-0.0025874757641861645,-0.010320867198399785,1.2760359170932933,0.1964432570207026,1.7222422533321873,93.44
59,128,0.73,2.0,0.023,0.1120011891467986,0.0185461914122456,5.333034615384615,5.421717075654204,0.5001322305708222,1.8011421429123937,-0.005076057094151022,-0.020566686958654833,1.0802382028466695,0.3650965283167002,3.2008462756532623,93.44
60,128,0.74,1.82,0.014,0.0851757893371748,0.0121656689373993,4.103648,4.210289913804564,0.43534832070140844,1.8772836988319774,-0.004473096416557937,-0.017141601610080364,1.3028152002581637,0.3221577573190422,2.786229252489014,94.72
61,128,0.8,1.58,0.09,0.0620884004907987,0.0915462932671296,2.356156,2.4393828027085456,0.33691969684398293,4.768342493219632,-0.010545080615138078,-0.03908211966543413,0.318559707445928,0.2695357574751864,2.156286059801491,102.4
62,128,0.82,1.91,1.138,0.3029014345165279,0.7867148470216511,3.3507083333333334,4.037955377388987,0.7400642679646755,18.630445321470443,-0.05387154269831923,-0.18473295790051428,0.4625171573896972,0.6068526997310338,4.736411314973924,104.96
63,256,0.336,1.3,0.004,0.0006793848943282,0.0018491737925629,0.124474,0.1724915738796337,0.18700884161077186,0.39693226994081837,-0.0005666630888497958,-0.0017422661708863614,1.6826423549040153,0.06283497078121934,2.39371317261788,86.016
64,256,0.336,1.3,0.023,0.0006829695041631,0.0106273907775739,0.12372040000000001,0.1870084507598597,0.18755224681131422,0.4681341663600847,-0.0005286419897533104,-0.0020230218869776427,1.3560024070065395,0.06301755492860157,2.400668759184822,86.016
65,256,0.336,1.3,0.045,0.0006940823228444,0.0207819376332858,0.1240496,0.204627704161719,0.18912870484013802,0.5553821493512086,-0.0005909357067947589,-0.002300574935655235,0.9357028894569605,0.06354724482628638,2.420847421953767,86.016
66,256,0.336,1.3,0.09,0.0007401100148375,0.0415286806317165,0.1286896,0.2414868183057601,0.1954102188797921,0.7305347078080717,-0.0007013931497179037,-0.002902166857027256,0.30342494581220536,0.06565783354361014,2.501250801661339,86.016
67,256,0.336,1.3,0.3,0.00137823306324,0.13834805187202,0.2106164,0.3925693167381621,0.26715485516028414,1.550003756550731,-0.0008235559242496561,-0.005801546629587199,-1.3125886015473125,0.08976403133385548,3.419582146051637,86.016
68,256,0.336,1.45,0.004,0.0014235038907795,0.0016985883367489,0.2715368,0.2175996819140324,0.2687495226562772,0.40129417638006964,-0.0007089743983721003,-0.0017068488610559953,1.6339664657859563,0.09029983961250915,3.4399938900003484,86.016
69,256,0.336,1.45,0.023,0.0014265192551049,0.00976214184422,0.2691736,0.2199453542441647,0.26910035208315425,0.46994417102149033,-0.0005154594042013003,-0.0019894971250487355,1.2760359170932933,0.09041771829993983,3.4444845066643746,86.016
70,256,0.336,1.45,0.045,0.0014365812318625,0.0190893976430192,0.2675376,0.2248309961004307,0.27012111320634336,0.5543727940269235,-0.0007981575007212976,-0.00223852111624962,0.8842352156968442,0.09076069403733138,3.457550249041195,86.016
71,256,0.336,1.45,0.09,0.0014791265818636,0.0381379333132933,0.2682612,0.2406383512747059,0.2742314361560399,0.7233556788760028,-0.00086208496971262,-0.0028141975619374072,0.3072198701837813,0.09214176254842942,3.510162382797311,86.016
72,256,0.336,1.45,0.3,0.0020729095146354,0.1265561573708706,0.3325076,0.3668351440534381,0.3251395768100536,1.5084464364001873,-0.0010039788116173887,-0.005586006754367555,-0.90360679856042,0.10924689780817802,4.161786583168687,86.016
73,256,0.336,1.66,0.002,0.0027347397777729,0.000741409170558,0.5539164,0.4890310768870895,0.3691665241415702,0.40300992673634983,-0.000560117811820545,-0.0017205801139130999,1.6035162386856787,0.1240399521115676,4.725331509012099,86.016
74,256,0.336,1.68,0.004,0.0028701880475218,0.0014626804339996,0.5839368,0.5225753401908404,0.37790986393688075,0.4115707907152878,-0.0005374561282809887,-0.00176915741433056,1.56363675785278,0.12697771428279195,4.837246258392074,86.016
75,256,0.336,1.68,0.023,0.0028722659865492,0.0084067022883126,0.5784628,0.5109755962335467,0.37812607192253905,0.47620219537097747,-0.0006402606675628792,-0.0019729859913173707,1.1782372167817674,0.12705036016597313,4.8400137206085,86.016
76,256,0.336,1.68,0.045,0.0028805169438309,0.0164388832638536,0.5729948,0.5000580393043874,0.37875592512055456,0.5550904427175937,-0.0005998493939701243,-0.0022539227350631655,0.8263142863622467,0.12726199084050635,4.848075841543099,86.016
77,256,0.336,1.68,0.09,0.0029169119483618,0.0328367163447108,0.5660432,0.4858265862881426,0.38130381484453874,0.7132769670366184,-0.0005208409800277489,-0.0028420570207655475,0.3313011500913913,0.12811808178776501,4.880688830010096,86.016
78,256,0.336,1.68,0.3,0.0034343544050767,0.1085482048326477,0.595176,0.5223914230013617,0.41423756692216,1.4418886178301882,-0.0009801560568720984,-0.005334868506342064,-0.4955603024977829,0.13918382248584577,5.302240856603649,86.016
79,256,0.336,1.8,0.004,0.0037056812767872,0.0013457022415999,0.7799388,0.7543487122343491,0.42748638682870693,0.41308021492361846,-0.0004708591528508575,-0.0017751472802588514,1.5293278594929947,0.14363542597444554,5.471825751407449,86.016
80,256,0.336,1.8,0.023,0.003707297773793,0.007734581626192,0.7726784000000001,0.7377776129509279,0.4276617582653992,0.4753791718707608,-0.0006682687104175343,-0.0019599062833239593,1.1369663805711991,0.14369435077717413,5.47407050579711,86.016
81,256,0.336,1.8,0.045,0.0037146006120497,0.0151247702206983,0.7650156,0.7208858158997286,0.4281727743682808,0.551624526236498,-0.0006116155776652457,-0.0022452777849018292,0.8046133102896845,0.14386605218774234,5.480611511913994,86.016
82,256,0.336,1.8,0.09,0.0037476746795386,0.0302106873701993,0.7536387999999999,0.6945608985956606,0.4302418599325589,0.7040473928807635,-0.0006277146507072031,-0.0027850060686324097,0.3500786505031285,0.1445612649373398,5.507095807136754,86.016
83,256,0.336,1.8,0.3,0.0042238081265939,0.0997470681217134,0.762226,0.6839103475107579,0.45724100675101287,1.4031318608017476,-0.0009493776095291315,-0.0052022555579962606,-0.3398558907790514,0.15363297826834033,5.852684886412965,86.016
84,256,0.336,2.0,0.004,0.0051371169159633,0.0011672183870235,1.1432608,1.1998194546592893,0.5000039999822224,0.4045348299889607,-0.000642594439257336,-0.0017592454980407343,1.476005477095213,0.16800134399402675,6.400051199772448,86.016
85,256,0.336,2.0,0.023,0.0051380572984441,0.0067090288543967,1.1329988,1.1780175298284616,0.5001322305708222,0.46293490273937243,-0.0003978161428647795,-0.0020257217085504664,1.0802382028466695,0.1680444294717963,6.401692551306525,86.016
86,256,0.336,2.0,0.045,0.0051438855005302,0.013119746858211,1.1216244,1.1543013540027398,0.5005059654711365,0.534696843469292,-0.0005611982065176534,-0.0022443590307439955,0.7789499202551837,0.16817000439830185,6.406476358030547,86.016
87,256,0.336,2.0,0.09,0.0051716250476365,0.0262057391288941,1.1027748,1.1134233651548424,0.5020204588443438,0.6778525011412831,-0.0007319187485170893,-0.0027190087502636205,0.3869454715970855,0.16867887417169952,6.425861873207601,86.016
88,256,0.336,2.0,0.3,0.0055805341544033,0.0864245853018393,1.0759796,1.0367182205850398,0.5219571898871916,1.330110183004712,-0.0009905409585383197,-0.004958036662660829,-0.13335044115535583,0.1753776158020964,6.681052030556053,86.016
89,256,0.43,1.3,0.023,0.0018113175039456,0.0138663328783314,0.2293212,0.2551799650448948,0.18755224681131422,0.7521069018319306,-0.0022385693085507415,-0.004493104823566859,1.3560024070065395,0.08064746612886511,2.400668759184822,110.08
90,256,0.43,1.45,0.023,0.0038169186862548,0.012874377433938,0.50334,0.4844327909035093,0.26910035208315425,0.7842995006726118,-0.002291620336327427,-0.004685466697884807,1.2760359170932933,0.11571315139575633,3.4444845066643746,110.08
91,256,0.43,1.68,0.023,0.0077793318026208,0.0112684429839761,1.0917884,1.0921748160936602,0.37812607192253905,0.8436261599674587,-0.002037697105198199,-0.0052236878619721415,1.1782372167817674,0.1625942109266918,4.8400137206085,110.08
92,256,0.43,1.8,0.023,0.010098175705981,0.0104563788596136,1.46278,1.485243664349286,0.4276617582653992,0.8625561125873202,-0.0025056327740119733,-0.005404791690355251,1.1369663805711991,0.18389455605412167,5.47407050579711,110.08
93,256,0.43,2.0,0.023,0.014115433079365,0.0092036329878147,2.1504320000000003,2.1973153503980294,0.5001322305708222,0.8615617851685868,-0.0024173779847446036,-0.005858992874250919,1.0802382028466695,0.21505685914545355,6.401692551306525,110.08
94,256,0.437,1.66,0.002,0.0079036450139093,0.0010128750057733,1.0975288461538462,1.108701504125901,0.3691665241415702,0.6542056250307957,-0.0022114777625666287,-0.0032084790119242383,1.6035162386856787,0.16132577104986617,4.725331509012099,111.872
95,256,0.448,1.71,0.045,0.0098783627251791,0.0227591831907176,1.287628,1.2886799179394794,0.3915593833365561,1.160681916537109,-0.003010132184665292,-0.007569104510201046,0.8203925604562989,0.17541860373477713,5.011960106707918,114.688
96,256,0.48,1.45,0.023,0.005916057274919,0.0146390340797417,0.6624164,0.6570530928589617,0.26910035208315425,0.9714943412430435,-0.004091109912554888,-0.006954224210318268,1.2760359170932933,0.12916816899991404,3.4444845066643746,122.88
97,256,0.48,1.68,0.023,0.0121482896418924,0.0129413302917758,1.439056,1.4565902050282635,0.37812607192253905,1.0891007294428001,-0.0043529410094116025,-0.008145455059292452,1.1782372167817674,0.18150051452281873,4.8400137206085,122.88
98,256,0.48,1.8,0.023,0.0158252525342245,0.0120725287984441,1.927072,1.9522098381775284,0.4276617582653992,1.1273389874378787,-0.004512870875658742,-0.008808675902912566,1.1369663805711991,0.20527764396739162,5.47407050579711,122.88
99,256,0.48,2.0,0.023,0.0222399130702366,0.0107244799255795,2.8256,2.834671433327385,0.5001322305708222,1.1344289181250855,-0.0047060228722657325,-0.009802890223608663,1.0802382028466695,0.24006347067399467,6.401692551306525,122.88
100,256,0.5,1.9,0.035,0.0224911687686618,0.0183188346644706,2.5972,2.5891204611042244,0.46559703139829955,0.9218340877763581,0.010637100763091954,0.01992936597168547,0.9206262245061725,0.23279851569914978,5.959642001898235,128.0
101,256,0.502,1.79,0.04,0.0186425088302535,0.0224047393343678,2.0806666666666667,2.0827590498041526,0.42408739527293254,1.1705339134534147,0.012904415750214053,0.023599953193212186,0.8731113222580016,0.21289187242701213,5.428318659493537,128.512
102,256,0.504,1.71,0.045,0.0159331988742224,0.026487379748022,1.718204,1.730022695051063,0.3915593833365561,1.5702607001359528,-0.006279175988390041,-0.012585372003804043,0.8203925604562989,0.19734592920162428,5.011960106707918,129.024
103,256,0.52,1.76,0.035,0.0202175991811281,0.0209176783811966,2.1198714285714284,2.1296738335451764,0.4119356724781123,1.3420326822226722,0.013802600473164867,0.02073463952645576,0.9520838015033862,0.2142065496886184,5.2727766077198375,133.12
104,256,0.53,1.3,0.023,0.0041164343378897,0.0175193671220363,0.3836744,0.3831581781919434,0.18755224681131422,1.0856130236819694,-0.006776709295912904,-0.008849933083883684,1.3560024070065395,0.09940269080999654,2.400668759184822,135.68
105,256,0.53,1.45,0.023,0.0087720414561183,0.0164860742674873,0.8456248,0.853348667304939,0.26910035208315425,1.2077289706070347,-0.006965869850425889,-0.010055137012236428,1.2760359170932933,0.14262318660407175,3.4444845066643746,135.68
106,256,0.53,1.68,0.023,0.0181593412813879,0.0147323220015855,1.836156,1.861885124180838,0.37812607192253905,1.3813022290361652,-0.007667417236759344,-0.012352275149198877,1.1782372167817674,0.2004068181189457,4.8400137206085,135.68
107,256,0.53,1.8,0.023,0.0237468809494117,0.0138233098136421,2.454164,2.4701349520793747,0.4276617582653992,1.429309890929084,-0.007967786280925405,-0.01356370927554105,1.1369663805711991,0.2266607318806616,5.47407050579711,135.68
108,256,0.53,2.0,0.023,0.0335697469098159,0.0124059022337155,3.5786000000000002,3.5409514456646125,0.5001322305708222,1.4193465101982592,-0.00892739141174835,-0.015328798783578339,1.0802382028466695,0.2650700822025358,6.401692551306525,135.68
109,256,0.54,1.58,0.074,0.0150412809139652,0.0508374649043959,1.3740333333333332,1.3685508328669367,0.3355899408638678,1.8683464894343955,0.011288122162567825,0.015193190050269811,0.4832775850750183,0.18121856806648862,4.295551243057508,138.24
110,256,0.58,1.3,0.023,0.0058477389803203,0.0194303744932331,0.4765724,0.4703800502978868,0.18755224681131422,1.2641260321990329,-0.01082938554913489,-0.011088325063615517,1.3560024070065395,0.10878030315056224,2.400668759184822,148.48
111,256,0.58,1.45,0.023,0.012537849233746,0.0184190093026793,1.053606,1.0750801128154257,0.26910035208315425,1.4287163596667498,-0.011554878028224549,-0.01312881705854368,1.2760359170932933,0.15607820420822946,3.4444845066643746,148.48
112,256,0.58,1.46,0.078,0.0133095876304409,0.061786062065042,1.0447212000000001,1.0517529298209096,0.2779248968397075,2.75698482435117,-0.015108317316505332,-0.025236802296485603,0.44066888494030343,0.16119644016703033,3.557438679548256,148.48
113,256,0.58,1.68,0.023,0.0261790217582899,0.0166506253725705,2.275604,2.3100839395391577,0.37812607192253905,1.6744549239244126,-0.012759546447415004,-0.017336729309168117,1.1782372167817674,0.21931312171507264,4.8400137206085,148.48
114,256,0.58,1.68,0.07,0.0262859272918414,0.0504018119190721,2.1709,2.1675252171993424,0.3799636753581094,2.308131686075921,0.02212347667884962,0.02321560416118355,0.5252836277447391,0.22037893170770342,4.8635350445838,148.48
115,256,0.58,1.8,0.023,0.0343752709363537,0.0157219131470866,3.0302800000000003,3.0402853933604375,0.4276617582653992,1.730545922567578,-0.013718357490356936,-0.019491856656695065,1.1369663805711991,0.24804381979393153,5.47407050579711,148.48
116,256,0.58,2.0,0.023,0.0489043886156659,0.0142696193016733,4.380136,4.314376704193667,0.5001322305708222,1.6802924396664967,-0.015012613046789948,-0.022747400682184015,1.0802382028466695,0.29007669373107686,6.401692551306525,148.48
117,256,0.64,1.3,0.001,0.0085411231012662,0.0009515947544882,0.6171081818181818,0.6293039735109544,0.1869929306910146,1.7624255939191042,-0.032076352779805056,-0.03672073559151694,1.6728591874378875,0.11967547564224935,2.3935095128449873,163.84
118,256,0.64,1.3,0.004,0.0085373563823576,0.003804245260073,0.6142945454545455,0.6237671132120104,0.18700884161077186,1.8629436583289318,-0.032417321560856346,-0.03780255148556242,1.6826423549040153,0.11968565863089399,2.39371317261788,163.84
119,256,0.64,1.3,0.023,0.0085541330071639,0.021797913656732,0.6044592,0.5954409078380392,0.18755224681131422,1.7389201126287166,-0.019180072676970666,-0.017325441662744016,1.3560024070065395,0.1200334379592411,2.400668759184822,163.84
120,256,0.64,1.3,0.045,0.0086605669000164,0.0424797817619047,0.5922308000000001,0.5768642855487792,0.18912870484013802,2.4093946248408042,-0.021621850094007168,-0.024191120967304552,0.9357028894569605,0.12104237109768834,2.420847421953767,163.84
121,256,0.64,1.3,0.09,0.009165218906483,0.0843030988343117,0.5869508,0.5789971385137463,0.1954102188797921,3.7417009565103054,-0.026618247110758136,-0.03785023960034219,0.30342494581220536,0.12506254008306694,2.501250801661339,163.84
122,256,0.64,1.3,0.3,0.0165159095404776,0.2724614817931407,0.7956868,0.9895445705010538,0.26715485516028414,9.391510872448116,-0.0475167085054205,-0.09669278714648771,-1.3125886015473125,0.17097910730258187,3.419582146051637,163.84
123,256,0.64,1.45,0.004,0.0184996211592759,0.003638859978652,1.3714160000000002,1.4319923408741544,0.2687495226562772,1.4183171543660855,-0.018483811277963197,-0.015586864867209818,1.6339664657859563,0.17199969450001742,3.4399938900003484,163.84
124,256,0.64,1.45,0.023,0.0184807766393524,0.0208543015185033,1.335624,1.3727830774367709,0.26910035208315425,1.9786039112467586,-0.020732257267239526,-0.021252113411845307,1.2760359170932933,0.1722242253332187,3.4444845066643746,163.84
125,256,0.64,1.45,0.045,0.0185446351708195,0.040648132122388,1.29604,1.3186158316762573,0.27012111320634336,2.6728190818122184,-0.023089026513234467,-0.02832621225726967,0.8842352156968442,0.17287751245205976,3.457550249041195,163.84
126,256,0.64,1.45,0.09,0.0189577551976526,0.0806857649840878,1.4937559999999999,1.2497286690962428,0.2742314361560399,3.2587962701589697,-0.026304324891055927,-0.03562390480331525,0.3072198701837813,0.17550811913986553,3.510162382797311,163.84
127,256,0.64,1.45,0.3,0.0257710678408889,0.2603988177132291,1.8261759999999998,1.399374374437297,0.3251395768100536,9.953770565089215,-0.05554165028102964,-0.11562978170400227,-0.90360679856042,0.2080893291584343,4.161786583168687,163.84
128,256,0.64,1.68,0.001,0.0391063705230128,0.0008346325274735,2.9403772727272726,3.0130648921150547,0.3779035403546397,2.294649328950592,-0.03721997367810792,-0.04815150010357428,1.61319924438571,0.2418582658269694,4.837165316539388,163.84
129,256,0.64,1.68,0.004,0.0390874331092324,0.0033369810004475,2.9239954545454547,2.996285279925954,0.37790986393688075,2.406015726784274,-0.03775765690569924,-0.049269874831772344,1.56363675785278,0.2418623129196037,4.837246258392074,163.84
130,256,0.64,1.68,0.023,0.0390054068151826,0.0191313371893024,2.876156,2.8964055091128804,0.37812607192253905,2.264411990889185,-0.024074144330531774,-0.028666378541276835,1.1782372167817674,0.242000686030425,4.8400137206085,163.84
131,256,0.64,1.68,0.045,0.0389917164159249,0.0373038623191125,2.78132,2.7945752179554058,0.37875592512055456,2.9761971870901958,-0.026771488574533445,-0.035732368194908416,0.8263142863622467,0.24240379207715493,4.848075841543099,163.84
132,256,0.64,1.68,0.09,0.0392318630829113,0.0740914993700861,2.6216307692307694,2.6266925551269864,0.38130381484453874,4.3992348348079044,-0.03016635481972957,-0.049042179097938815,0.3313011500913913,0.2440344415005048,4.880688830010096,163.84
133,256,0.64,1.68,0.3,0.0449645661159236,0.23908466019189,2.279496,2.3471961663667247,0.41423756692216,9.958209789431198,-0.05212407638365457,-0.10681398663775798,-0.4955603024977829,0.2651120428301824,5.302240856603649,163.84
134,256,0.64,1.71,0.045,0.0420118572242574,0.0368546387411561,3.0022083333333334,3.0061266937312663,0.3915593833365561,3.03741590828678,-0.028331662051416906,-0.03661095231994834,0.8203925604562989,0.2505980053353959,5.011960106707918,163.84
135,256,0.64,1.8,0.023,0.0514839728724722,0.018212634884034,3.78626,3.779011313777756,0.4276617582653992,2.3508040858754007,-0.02639078066929293,-0.03273688422208218,1.1369663805711991,0.2737035252898555,5.47407050579711,163.84
136,256,0.64,1.8,0.045,0.0514297689447178,0.0355202846853631,3.682768,3.656561626277138,0.4281727743682808,3.0168944481938844,-0.028638920202906704,-0.039523518762669,0.8046133102896845,0.2740305755956997,5.480611511913994,163.84
137,256,0.64,1.8,0.09,0.0515763240271038,0.0705756851918283,3.464592,3.4446556561151387,0.4302418599325589,4.408151309288529,-0.03359032165323239,-0.053288555442529646,0.3500786505031285,0.27535479035683774,5.507095807136754,163.84
138,256,0.64,1.8,0.3,0.0566838389946424,0.2278730241223087,2.9017961538461536,2.955212063752484,0.45724100675101287,10.014161247835622,-0.05306729840697466,-0.11071313847740265,-0.3398558907790514,0.2926342443206482,5.852684886412965,163.84
139,256,0.64,2.0,0.001,0.0740333256712888,0.0007315637280646,5.555791666666667,5.46374185028587,0.5000002499999305,2.0298331491935935,0.010256271959671041,-0.019135374267617803,1.5619078409336673,0.32000015999995557,6.400003199999111,163.84
140,256,0.64,2.0,0.004,0.07400258356106,0.0029251612753766,5.529678947368422,5.440417441186279,0.5000039999822224,2.0103702246981965,0.0017079588623443928,-0.02116742471938954,1.476005477095213,0.32000255998862237,6.400051199772448,163.84
141,256,0.64,2.0,0.023,0.0738412246556984,0.0167795438594971,5.390345,5.299740395511079,0.5001322305708222,2.3462632347235393,0.0024036191888646974,-0.01997304317124605,1.0802382028466695,0.32008462756532624,6.401692551306525,163.84
142,256,0.64,2.0,0.045,0.0737258437459103,0.0327373421265865,5.21774,5.149131251758977,0.5005059654711365,2.931501502195477,-0.032137700135220104,-0.045305605547086736,0.7789499202551837,0.32032381790152736,6.406476358030547,163.84
143,256,0.64,2.0,0.09,0.0737260751638069,0.0650890599008815,4.956656521739131,4.87581477225987,0.5020204588443438,3.934955950047554,0.004140351228301649,-0.024934006050050934,0.3869454715970855,0.32129309366038,6.425861873207601,163.84
144,256,0.64,2.0,0.3,0.0777867235386388,0.2104753772775839,4.013444,4.074514503961685,0.5219571898871916,9.915112155065856,-0.05685962601670386,-0.11446934170481467,-0.13335044115535583,0.33405260152780264,6.681052030556053,163.84
145,256,0.64,2.3,0.023,0.1088415124828818,0.015063234526242,7.700053846153846,7.578599959849171,0.588564480116029,1.446689926023481,-0.03239475092497754,-0.043119725902065385,1.0177298931661458,0.3766812672742586,7.533625345485172,163.84
146,256,0.64,2.3,0.045,0.1086562834269544,0.0294033744964588,7.461732,7.396351170480914,0.5888107362663959,2.189360520071346,-0.03691634153685752,-0.05053118185666151,0.7593680558708997,0.37683887121049336,7.536777424209868,163.84
147,256,0.64,2.3,0.09,0.1084780265090046,0.0585136872132873,7.038284,7.052352867931829,0.5898092267792664,3.652721120146475,-0.04158553708099119,-0.06429456052439302,0.4477574041898391,0.3774779051387305,7.54955810277461,163.84
148,256,0.65,1.74,0.075,0.0481075364934901,0.0617939212349446,3.20535,3.1911179398118588,0.40541873654867205,3.85377400324328,0.03635648415542285,0.017269590008493384,0.47585769522134486,0.26352217875663686,5.189359827823003,166.4
149,256,0.7,1.86,0.09,0.0836932273349564,0.0793729406583355,4.62704,4.616936266300779,0.4530135140855182,5.905419809878767,-0.06338835730623665,-0.08697396362066974,0.36055510970601945,0.3171094598598627,5.798572980294633,179.2
150,256,0.73,1.3,0.023,0.0141250556027605,0.0254950437392206,0.8260368,0.8185540105709233,0.18755224681131422,2.735319367833328,-0.04125752850183956,-0.03167959172924654,1.3560024070065395,0.13691314017225936,2.400668759184822,186.88
151,256,0.73,1.45,0.023,0.0308721260851029,0.0247426080679842,1.8172640000000002,1.8723532117509023,0.26910035208315425,3.117325622308697,-0.0463998029930173,-0.04035686361105945,1.2760359170932933,0.1964432570207026,3.4444845066643746,186.88
152,256,0.73,1.68,0.023,0.0662369943666844,0.0232378597404031,3.8383960000000004,3.855128868667041,0.37812607192253905,3.491223511552275,-0.056856575975253926,-0.0557952557295428,1.1782372167817674,0.2760320325034535,4.8400137206085,186.88
153,256,0.73,1.8,0.023,0.0881292372254481,0.0224233419901772,5.006956,4.976336107372833,0.4276617582653992,3.4446157369170285,-0.06248441105076111,-0.06310642098446134,1.1369663805711991,0.3121930835337414,5.47407050579711,186.88
154,256,0.73,2.0,0.023,0.1280208270892018,0.0211988710301849,6.879252,6.876046713177903,0.5001322305708222,3.03434010331483,-0.07213006194899763,-0.07306295446330814,1.0802382028466695,0.3650965283167002,6.401692551306525,186.88
155,256,0.76,1.66,0.082,0.0734979268723074,0.0872124562670429,3.560668,3.5825050313445144,0.37209587229790664,7.290093227499383,-0.09390464931111742,-0.10946341207437878,0.40340030473964483,0.28279286294640904,4.7628271654132055,194.56
156,256,0.78,1.84,0.05,0.1247924680199156,0.0535575945341204,5.7668479999999995,5.783520509363412,0.4437587516881427,5.920778941983018,-0.11337268087252367,-0.11358351445072218,0.7376731133432122,0.3461318263167513,5.6801120216082275,199.68
157,256,0.811,1.44,0.08,0.0446182502736552,0.0972731910507541,1.993332,1.9994106327749077,0.2680074597047351,8.215883572278038,-0.119262450871013,-0.1206354822379019,0.4180928808533937,0.21735404982054018,3.4304954842206095,207.616
158,256,0.82,1.54,0.03,0.0681744637490816,0.0370889803380714,3.2495555555555553,3.2848546545513635,0.31425262587875874,4.681030749245075,0.09804963254799648,0.009106237529393754,1.1040286617099908,0.25768715322058217,4.022433611248112,209.92
159,256,0.82,1.54,0.055,0.068020691422708,0.0674213729495503,3.0714625000000004,3.1044264528654613,0.31543090426412945,7.124019774747215,-0.09050505477828666,-0.09833387225985794,0.7172736279735988,0.25865334149658614,4.0375155745808575,209.92
160,256,0.832,1.3,0.023,0.0229878657699228,0.0298714508161823,1.11906,1.1199446718140518,0.18755224681131422,4.29944252758615,-0.08953882649076184,-0.05760656186432131,1.3560024070065395,0.1560434693470134,2.400668759184822,212.992
161,256,0.832,1.45,0.023,0.0508720775732373,0.0294678003880089,2.435388,2.5010880054425897,0.26910035208315425,4.91247803196788,-0.10377952824749367,-0.07615824389249588,1.2760359170932933,0.22389149293318433,3.4444845066643746,212.992
162,256,0.832,1.68,0.023,0.1110763225471941,0.0284674913051641,4.972455999999999,4.9897397954764875,0.37812607192253905,5.369441984411892,-0.13505323711611475,-0.10618660976790854,1.1782372167817674,0.3146008918395525,4.8400137206085,212.992
163,256,0.832,1.71,0.045,0.1195623304733383,0.0550300711426774,5.055545833333333,5.085250703843375,0.3915593833365561,7.1583364396743745,-0.1637692195759497,-0.13540204946690526,0.8203925604562989,0.32577740693601465,5.011960106707918,212.992
164,256,0.832,1.8,0.023,0.1490700559558497,0.0279492703685609,6.334328,6.34270318978981,0.4276617582653992,5.132801487953425,-0.14922515835964079,-0.11891818291290047,1.1369663805711991,0.3558145828768121,5.47407050579711,212.992
165,256,0.832,2.0,0.023,0.2196739558178294,0.027377972378402,8.393076,8.543784436566924,0.5001322305708222,3.8439569625891368,-0.16932601245528633,-0.13084836669183655,1.0802382028466695,0.4161100158349241,6.401692551306525,212.992
166,256,0.96,1.3,0.004,0.0386435976645309,0.0062525656768228,1.622328,1.704836539360802,0.18700884161077186,4.602412315063293,-0.1733338257569472,-0.06765762127807352,1.6826423549040153,0.17952848794634096,2.39371317261788,245.76
167,256,0.96,1.3,0.006,0.038600989726855,0.0093683194550133,1.614456,1.687049225097853,0.1870300542313356,4.786552395668948,-0.17467498833381495,-0.07114300248629554,1.667566364736148,0.17954885206208215,2.393984694161096,245.76
168,256,0.96,1.3,0.023,0.0383826417485829,0.0355728117591158,1.542484,1.5516250473345374,0.18755224681131422,6.662235956463408,-0.20619253040795782,-0.10466598383782204,1.3560024070065395,0.18005015693886164,2.400668759184822,245.76
169,256,0.96,1.3,0.045,0.0384719634264117,0.0687602199915553,1.467432,1.41579867554155,0.18912870484013802,9.093114777537863,-0.24482484150250972,-0.1486516492730851,0.9357028894569605,0.1815635566465325,2.420847421953767,245.76
170,256,0.96,1.3,0.09,0.0398954609288806,0.1342199807590714,1.37832,1.2528285277958489,0.1954102188797921,13.649552076970837,-0.3162952063191632,-0.23204499145277294,0.30342494581220536,0.1875938101246004,2.501250801661339,245.76
171,256,0.96,1.3,0.3,0.0656070496689267,0.4024345606667724,1.54052,1.5567064070268073,0.26715485516028414,30.57552669898505,-0.5951782060959112,-0.5480859128087617,-1.3125886015473125,0.2564686609538728,3.419582146051637,245.76
172,256,0.96,1.68,0.004,0.1931068601046832,0.0063049482805805,6.645776,6.615253123351802,0.37790986393688075,5.955581370004161,-0.3063056691211475,-0.16345574631748197,1.56363675785278,0.3627934693794055,4.837246258392074,245.76
173,256,0.96,1.68,0.023,0.1911065975919586,0.0359106090949468,6.333475999999999,6.286425819069987,0.37812607192253905,8.327186075300396,-0.34059343457301433,-0.20428528727005438,1.1782372167817674,0.36300102904563747,4.8400137206085,245.76
174,256,0.96,1.68,0.045,0.1892206629836159,0.0694915139781147,5.974186956521739,5.945847998858219,0.37875592512055456,10.946264816231412,-0.28121191557732095,-0.21848182701980176,0.8263142863622467,0.36360568811573235,4.848075841543099,245.76
175,256,0.96,1.68,0.09,0.1867317254718346,0.1358927431361088,5.3696839999999995,5.364099557654088,0.38130381484453874,16.533073800969515,-0.4569521535407335,-0.3453404709537873,0.3313011500913913,0.3660516622507572,4.880688830010096,245.76
176,256,0.96,1.68,0.3,0.1960926255281581,0.4076999207809424,3.9655400000000003,3.9443878066244524,0.41423756692216,34.41572982416548,-0.7255672301380902,-0.6614281033711911,-0.4955603024977829,0.3976680642452736,5.302240856603649,245.76
177,256,0.96,1.71,0.006,0.2091968880246091,0.0094583013774743,7.036595999999999,6.9657911297062345,0.39076598341499164,5.8833252727774035,-0.31697137329718905,-0.17081127467774126,1.5135808862673932,0.37513534407839194,5.001804587711893,245.76
178,256,0.96,1.71,0.023,0.2072763686787348,0.0359535425732396,6.715707999999999,6.6621595542131935,0.39096277768520404,8.198246265029944,-0.350287005406764,-0.2097793698487754,1.1673540093030217,0.3753242665777959,5.004323554370612,245.76
179,256,0.96,1.71,0.045,0.2052007271563082,0.0695827398649258,6.3373625,6.306981929847354,0.3915593833365561,10.774677708917947,-0.1445014627279606,-0.21816785858369195,0.8203925604562989,0.37589700800309384,5.011960106707918,245.76
180,256,0.96,1.71,0.09,0.2023272911040796,0.1360972180719775,5.696523999999999,5.694493197250038,0.39397345624574553,16.532526083572208,-0.4687179545959632,-0.3519304930885537,0.3356797905161276,0.3782145179959157,5.0428602399455436,245.76
181,256,0.96,2.0,0.004,0.3917017318576829,0.0066031475445408,10.227748,10.261195814995187,0.5000039999822224,1.2895358672744541,-0.37480089243744186,-0.16907378250214355,1.476005477095213,0.48000383998293356,6.400051199772448,245.76
182,256,0.96,2.0,0.006,0.3912855983498829,0.0098958883319809,10.19866,10.212654408322535,0.5000089999100013,2.159769534814207,-0.4002703531157582,-0.20088891201875478,1.4244092274093514,0.4800086399136012,6.400115198848017,245.76
183,256,0.96,2.0,0.023,0.3879008618811993,0.0376449969431558,9.7844,9.81418176092732,0.5001322305708222,4.074256366303451,-0.4124373484971953,-0.2162823957305812,1.0802382028466695,0.48012694134798933,6.401692551306525,245.76
184,256,0.96,2.0,0.045,0.3839174469931668,0.0729138555670553,9.2614,9.331871138754884,0.5005059654711365,7.62775943282118,-0.4621551509673877,-0.2745479881843028,0.7789499202551837,0.48048572685229096,6.406476358030547,245.76
185,256,0.96,2.0,0.09,0.3771078610789991,0.1427583580499154,8.378708,8.44875313477726,0.5020204588443438,14.004365673165857,-0.5468045049595309,-0.3803596753858904,0.3869454715970855,0.48193964049057,6.425861873207601,245.76
186,256,0.96,2.0,0.3,0.3662015214291316,0.4266124356354694,6.016472,5.680186209540638,0.5219571898871916,33.98653312121643,-0.8199919401528732,-0.7166849443008517,-0.13335044115535583,0.5010789022917039,6.681052030556053,245.76
187,512,0.336,1.3,0.004,0.0007621275944284,0.002074385795109,0.17215360000000002,0.1670180906739829,0.18700884161077186,1.840474863426923,-0.01576117407540667,-0.04847502984349466,1.6826423549040153,0.06283497078121934,4.78742634523576,172.032
188,512,0.336,1.3,0.023,0.0007661487760786,0.0119217071736227,0.17088319999999999,0.1778629517094038,0.18755224681131422,1.9913317557861778,-0.01619183109766345,-0.04951077733202206,1.3560024070065395,0.06301755492860157,4.801337518369644,172.032
189,512,0.336,1.3,0.09,0.0008302484643528,0.0465864839413803,0.1769096,0.2285723639334074,0.1954102188797921,2.543806080054045,-0.016768577082232533,-0.05347139244417817,0.30342494581220536,0.06565783354361014,5.002501603322678,172.032
190,512,0.336,1.66,0.002,0.0030678054010648,0.0008317058450398,0.7639083999999999,0.7456367926999801,0.3691665241415702,1.836892280395765,-0.01576331482176027,-0.04849637618471566,1.6035162386856787,0.1240399521115676,9.450663018024198,172.032
191,512,0.336,1.68,0.004,0.0032197499980892,0.0016408211749894,0.8019599999999999,0.793583372024445,0.37790986393688075,2.015751432886212,-0.015435367127070831,-0.04797028765460492,1.56363675785278,0.12697771428279195,9.674492516784149,172.032
192,512,0.336,2.0,0.023,0.0057638244264627,0.007526125565109,1.5532920000000001,1.6791059398871608,0.5001322305708222,1.9645311047100162,-0.016143487202158316,-0.04969602456382225,1.0802382028466695,0.1680444294717963,12.80338510261305,172.032
193,512,0.336,2.0,0.09,0.0058014804122757,0.029397352059575,1.506308,1.5892923732712914,0.5020204588443438,2.418522932870383,-0.01677455176640713,-0.05286454748226327,0.3869454715970855,0.16867887417169952,12.851723746415201,172.032
194,512,0.43,1.45,0.023,0.0042824003443928,0.0144444361771395,0.6848512,0.687928010707015,0.26910035208315425,3.0918739192314675,-0.06173014229953991,-0.11086387168782182,1.2760359170932933,0.11571315139575633,6.888969013328749,220.16
195,512,0.43,1.68,0.023,0.0087280384857706,0.012642654476535,1.4785840000000001,1.5336496985019297,0.37812607192253905,3.2017404978797206,-0.06254828265961687,-0.11267504623470624,1.1782372167817674,0.1625942109266918,9.680027441217,220.16
196,512,0.43,1.8,0.023,0.011329670521083,0.0117315573398939,1.9778115384615385,2.058123118092972,0.4276617582653992,3.1424583615599873,-0.061430568648193434,-0.110925857843917,1.1369663805711991,0.18389455605412167,10.94814101159422,220.16
197,512,0.43,2.0,0.023,0.0158368412976693,0.0103260363440844,2.8880399999999997,2.99242892289026,0.5001322305708222,3.22965057662488,-0.06373895936670598,-0.11506219402849786,1.0802382028466695,0.21505685914545355,12.80338510261305,220.16
198,512,0.44,1.98,0.02,0.0169105820472188,0.0093832468840831,2.962864,3.059813381517225,0.4933804917959573,3.3571661517208415,-0.07240218011451993,-0.12411847763266722,1.1369854567475635,0.2170874163902212,12.630540589976507,225.28
199,512,0.46,1.6,0.09,0.0094563385529658,0.0561351051760077,1.321796,1.3401595121081213,0.34606369978297463,5.018082003034202,-0.09745292799577876,-0.15613258760787904,0.3208584028679246,0.15918930190016833,8.85923071444415,235.52
200,512,0.46,1.9,0.07,0.0179562669939082,0.0365679616313569,2.7394119999999997,2.7977026432074097,0.4666645122076407,4.660307801687363,-0.09709277627272117,-0.15455884814563667,0.5301350826814011,0.21466567561551475,11.946611512515602,235.52
201,512,0.479,1.45,0.023,0.0065829318356428,0.0163844735177175,0.8948659999999999,0.9193284740489444,0.26910035208315425,3.861650081879504,-0.11398686434361005,-0.15873409688533044,1.2760359170932933,0.12889906864783088,6.888969013328749,245.248
202,512,0.479,1.68,0.023,0.0135155676442239,0.0144813393574859,1.932356,1.9959437520363872,0.37812607192253905,4.056674900398377,-0.11605314922124288,-0.16286741625624301,1.1782372167817674,0.1811223884508962,9.680027441217,245.248
203,512,0.479,1.8,0.023,0.0176050744948474,0.0135076530897059,2.5778160000000003,2.6474393318672473,0.4276617582653992,4.112836159879749,-0.11705423877783183,-0.16504030662212246,1.1369663805711991,0.2048499822091262,10.94814101159422,245.248
204,512,0.479,2.0,0.023,0.0247383806206184,0.0119970282949034,3.75314,3.7973351162142777,0.5001322305708222,4.104021848964175,-0.11939652722697908,-0.16812146401402864,1.0802382028466695,0.23956333844342384,12.80338510261305,245.248
205,512,0.48,1.5,0.015,0.0080135210980858,0.010451415220032,1.104744,1.147142330048588,0.2942543499118154,3.589229302379718,-0.11247824687282293,-0.1553046214641283,1.4140338101693632,0.1412420879576714,7.532911357742475,245.76
206,512,0.48,1.7,0.09,0.0144685528922968,0.0559228878040457,1.9163714285714286,1.9592220360163548,0.3897829426228821,5.992076274396996,-0.1281470914717362,-0.1885459045529417,0.33419458694952897,0.1870958124589834,9.978443331145783,245.76
207,512,0.504,1.66,0.002,0.0158068844346738,0.001361927884513,2.1137,2.206458752048814,0.3691665241415702,3.7465236105507382,-0.14698388423305814,-0.1780571736215469,1.6035162386856787,0.18605992816735137,9.450663018024198,258.048
208,512,0.53,1.45,0.023,0.0098424982088849,0.0184978784312643,1.139432,1.1882906262909658,0.26910035208315425,4.408545269965822,-0.19448504750503037,-0.21082744452104926,1.2760359170932933,0.14262318660407175,6.888969013328749,271.36
209,512,0.53,1.68,0.023,0.0203753350837082,0.0165301148699183,2.4546639999999997,2.5278497845155403,0.37812607192253905,4.707911566711161,-0.19939456547534484,-0.21884111322585686,1.1782372167817674,0.2004068181189457,9.680027441217,271.36
210,512,0.53,1.8,0.023,0.0266447251053707,0.0155101754548524,3.26464,3.3250545299908207,0.4276617582653992,4.784414906980752,-0.20245971529521312,-0.222778559184046,1.1369663805711991,0.2266607318806616,10.94814101159422,271.36
211,512,0.53,2.0,0.023,0.0376662804759238,0.0139198008953527,4.717924,4.723755463336032,0.5001322305708222,4.7391647401451475,-0.20706617133346017,-0.22845443866741796,1.0802382028466695,0.2650700822025358,12.80338510261305,271.36
212,512,0.54,1.64,0.03,0.0198275116167592,0.022545259121361,2.280116,2.3494995830276437,0.3606952986005373,5.142028038972181,-0.22234379700499884,-0.23515082796804906,1.0677718692951759,0.19477546124429015,9.233799644173756,276.48
213,512,0.54,1.74,0.045,0.0253420397536236,0.0320851891542135,2.90082,2.956603387861968,0.40406000217568977,5.773524161426404,-0.2301897297681723,-0.24671854695596865,0.814809454479477,0.21819240117487249,10.34393605569766,276.48
214,512,0.56,1.9,0.062,0.0403295964950283,0.0428051355412535,4.290628,4.315373042702399,0.4663580336270292,6.958690261275574,-0.2951954401457728,-0.293376173340323,0.6051740885705389,0.2611604988311364,11.93876566085195,286.72
215,512,0.56,1.92,0.086,0.0418177899226528,0.0586435030607626,4.32666,4.353178684345503,0.47450736494842527,7.883366126688206,-0.3032968572157865,-0.308653228180869,0.4009758226534303,0.2657241243711182,12.147388542679687,286.72
216,512,0.58,1.45,0.023,0.0140681702444608,0.0206671617893575,1.4132239999999998,1.4816063912982154,0.26910035208315425,5.115969492916039,-0.31428176430548527,-0.2709241358233598,1.2760359170932933,0.15607820420822946,6.888969013328749,296.96
217,512,0.58,1.68,0.023,0.0293743311203488,0.0186829358090849,3.023252,3.1007000744493265,0.37812607192253905,5.537133071406153,-0.324114938334774,-0.28463023295738815,1.1782372167817674,0.21931312171507264,9.680027441217,296.96
218,512,0.58,1.8,0.023,0.0385709825278863,0.0176408685890506,4.002351999999999,4.052282075632266,0.4276617582653992,5.613726139567081,-0.3314363257442242,-0.2907239968864303,1.1369663805711991,0.24804381979393153,10.94814101159422,296.96
219,512,0.58,2.0,0.023,0.0548734676833328,0.0160113134172379,5.725208,5.713056979685034,0.5001322305708222,5.455367373042137,-0.34041326638713,-0.29903002134386775,1.0802382028466695,0.29007669373107686,12.80338510261305,296.96
220,512,0.6,1.92,0.05,0.0555038161388335,0.0380200568846344,5.21168,5.228194543764412,0.47313024575822044,7.500279137759436,-0.4297802001061479,-0.3560234354132707,0.7298837838868245,0.28387814745493223,12.112134291410444,307.2
221,512,0.62,1.82,0.045,0.0527888646249823,0.037661163770548,4.699372,4.7088500893830805,0.4359528618963915,7.791758741622681,-0.5035068937574736,-0.38213729551003506,0.8014898154204966,0.2702907743757627,11.160393264547622,317.44
222,512,0.62,1.9,0.03,0.0614325639670692,0.0242903791557822,5.7302,5.550668225177392,0.4655025065130691,-0.06251138667446843,0.34843364225235474,0.22364984441374017,0.9936648812097851,0.28861155403810285,11.91686416673457,317.44
223,512,0.62,1.92,0.05,0.0635803241487853,0.0400341138719574,5.555716666666666,5.5892871614302715,0.47313024575822044,8.242204116629408,-0.28447696523388744,-0.3201632669059917,0.7298837838868245,0.29334075237009666,12.112134291410444,317.44
224,512,0.64,1.3,0.023,0.0095984597594285,0.0244591002850222,0.8119071999999999,0.8460789677925805,0.18755224681131422,6.033702955718791,-0.5306691533072974,-0.3468396111883037,1.3560024070065395,0.1200334379592411,4.801337518369644,327.68
225,512,0.64,1.3,0.045,0.0097178875771546,0.047665903194336,0.7928664000000001,0.8108744087444375,0.18912870484013802,7.427990807425422,-0.5517019816395928,-0.3732458079199292,0.9357028894569605,0.12104237109768834,4.841694843907534,327.68
226,512,0.64,1.3,0.09,0.010284149753874,0.0945951975587237,0.780475,0.7918849914708881,0.1954102188797921,10.388531306264218,-0.5554655501658936,-0.41752251219864256,0.30342494581220536,0.12506254008306694,5.002501603322678,327.68
227,512,0.64,1.71,0.023,0.0471677731719711,0.0212073169879132,4.045525,4.105011669992641,0.39096277768520404,8.007671039097104,-0.30378184437676525,-0.3221300284432125,1.1673540093030217,0.2502161777185306,10.008647108741224,327.68
228,512,0.64,1.71,0.045,0.0471408523398198,0.0413540175969916,3.9451080000000003,3.954892242944485,0.3915593833365561,8.374906668669055,-0.5901235862351034,-0.4106114452226544,0.8203925604562989,0.2505980053353959,10.023920213415836,327.68
229,512,0.64,1.71,0.09,0.0473838942207656,0.08214330885807,3.700872,3.7012025238927695,0.39397345624574553,11.134196203156122,-0.6308859822039228,-0.4610765996383713,0.3356797905161276,0.2521430119972771,10.085720479891087,327.68
230,512,0.64,2.0,0.023,0.082856091067449,0.0188280654955992,6.982466666666666,6.950138019166741,0.5001322305708222,6.186139564225829,-0.5542253738627679,-0.3805143163512577,1.0802382028466695,0.32008462756532624,12.80338510261305,327.68
231,512,0.64,2.0,0.045,0.0827266239410109,0.0367340630277231,6.736725,6.740179917181199,0.5005059654711365,8.036630088626026,-0.6197226083363665,-0.43898652286078804,0.7789499202551837,0.32032381790152736,12.812952716061094,327.68
232,512,0.64,2.0,0.09,0.0827268836114377,0.0730354229603897,6.359932,6.358894001724676,0.5020204588443438,10.72627821378171,-0.6588139156277606,-0.4789794507430054,0.3869454715970855,0.32129309366038,12.851723746415201,327.68
233,512,0.68,1.76,0.075,0.0677741033607035,0.0736099325690945,4.767832,4.752028119759751,0.4135406970224522,12.02658830051951,-0.8829160554202931,-0.5398257413146,0.4768360836806014,0.2812076739752675,10.586641843774778,348.16
234,512,0.73,1.45,0.023,0.0346418139365016,0.0277638418109627,2.409396,2.4751997051560375,0.26910035208315425,8.935626055555078,-1.1128367548736748,-0.5022482261484679,1.2760359170932933,0.1964432570207026,6.888969013328749,373.76
235,512,0.73,1.68,0.023,0.0743249631800063,0.02607535390308,5.0136449999999995,4.992033731004494,0.37812607192253905,9.031523661002469,-1.1133965331233528,-0.5157538746235925,1.1782372167817674,0.2760320325034535,9.680027441217,373.76
236,512,0.73,1.8,0.023,0.0988903916080779,0.0251613782256835,6.4651440000000004,6.4314515599035325,0.4276617582653992,9.219270399700157,-1.2103548188464486,-0.5563569940973687,1.1369663805711991,0.3121930835337414,10.94814101159422,373.76
237,512,0.73,2.0,0.023,0.1436530046487852,0.0237873913791095,8.742064000000001,8.903527168534927,0.5001322305708222,8.240549475468272,-1.2585731857815903,-0.5732619149763667,1.0802382028466695,0.3650965283167002,12.80338510261305,373.76
238,512,0.74,1.64,0.03,0.0702797698755772,0.0350543908806804,4.576225,4.578643176205928,0.3606952986005373,11.013758891505018,-1.3721996529725327,-0.6084427497423837,1.0677718692951759,0.2669145209643976,9.233799644173756,378.88
239,512,0.78,1.94,0.04,0.1699628381470066,0.0472416662283775,8.679156,8.84054694145322,0.4799295468170588,12.226566154688044,-1.877947992116171,-0.7175517917034341,0.8467600659680021,0.3743450465173059,12.286196398516706,399.36
240,512,0.81,1.85,0.02,0.1674186165431506,0.0258385903772496,8.429256,8.464981513816285,0.4468756592226207,11.170529589740186,-2.1796330094275818,-0.7048374368721356,1.1754104229508586,0.3619692839703228,11.44001687609909,414.72
241,512,0.82,1.54,0.042,0.0763743621246882,0.0580282450297563,4.1180666666666665,4.068342083188713,0.3147321741928994,14.044404894810954,-0.5272611116832355,-0.4898797135948187,0.9043788839573073,0.25808038283817747,8.057143659338225,419.84
242,512,0.82,1.54,0.046,0.0763501192422994,0.0634684792124193,4.065864,4.029343920542876,0.31492735914988984,16.325931049300017,-2.28231529535878,-0.7550764689192201,0.8439152696294222,0.2582404345029097,8.062140394237181,419.84
243,512,0.83,1.9,0.08,0.2012603304107435,0.1054112100470576,8.243775,8.4120328680869,0.46709949335964146,22.241744003148316,-1.7553336693936479,-0.9523763522914256,0.44491843967351447,0.3876925794885024,11.957747030006821,424.96
244,512,0.832,1.3,0.023,0.0257953167326604,0.033519576927219,1.487328,1.5268561429078202,0.18755224681131422,11.962073176651833,-2.173318236955123,-0.6182075344959195,1.3560024070065395,0.1560434693470134,4.801337518369644,425.984
245,512,0.832,1.3,0.023,0.0257953167326604,0.033519576927219,1.487328,1.5268561429078202,0.18755224681131422,11.962073176651833,-2.173318236955123,-0.6182075344959195,1.3560024070065395,0.1560434693470134,4.801337518369644,425.984
246,512,0.832,1.3,0.09,0.0272054589020813,0.1279301857857205,1.3601480000000001,1.2901502081939555,0.1954102188797921,21.179102193006322,-2.53355227450931,-0.8436415264476332,0.30342494581220536,0.16258130210798702,5.002501603322678,425.984
247,512,0.832,1.68,0.023,0.1246417979938311,0.0319441553274492,6.400803999999999,6.32125567397238,0.37812607192253905,13.51845871213759,-2.4412100753525956,-0.7288087018288696,1.1782372167817674,0.3146008918395525,9.680027441217,425.984
248,512,0.832,1.68,0.023,0.1246417979938311,0.0319441553274492,6.400803999999999,6.32125567397238,0.37812607192253905,13.51845871213759,-2.4412100753525956,-0.7288087018288696,1.1782372167817674,0.3146008918395525,9.680027441217,425.984
249,512,0.832,1.8,0.023,0.1672756117171929,0.031362645354711,8.053547826086955,8.039357505456454,0.4276617582653992,13.50065889900078,-2.531047965662434,-0.7560040502285839,1.1369663805711991,0.3558145828768121,10.94814101159422,425.984
250,512,0.832,2.0,0.023,0.2465021905448682,0.030721576159668,10.487760000000002,10.89443733209535,0.5001322305708222,9.978358061210114,-2.604701752097621,-0.7444395074511373,1.0802382028466695,0.4161100158349241,12.80338510261305,425.984
251,512,0.84,1.82,0.064,0.1797259499116143,0.0873487189565698,7.700068181818182,7.731610847332922,0.43663639842722024,20.771330815427362,-3.1299309220282874,-0.9617385797008854,0.5859565337105808,0.366774574678865,11.17789179973684,430.08
252,64,0.168,1.68,0.023,0.0001318004194681,0.0029517492108085,0.03570872,-0.2234728158814732,0.37812607192253905,0.027438436050659754,5.97281512676878e-06,-3.0440875846992656e-05,1.1782372167817674,0.06352518008298656,1.210003430152125,10.752
253,64,0.235,1.66,0.002,0.0004831586960914,0.0003716437802592,0.09137652173913043,-0.1437213087239448,0.3691665241415702,0.06238696819964769,4.260710282929982e-06,-7.814112327864738e-05,1.6035162386856787,0.086754133173269,1.1813328772530247,15.04
254,64,0.336,1.66,0.002,0.002038984300126,0.0005527844627207,0.25496199999999997,0.0390685243872209,0.3691665241415702,0.15619898182370273,-3.96951040730815e-05,-0.0002617442199287334,1.6035162386856787,0.1240399521115676,1.1813328772530247,21.504
255,64,0.336,1.68,0.023,0.0021415219466069,0.0062679214018898,0.2672328,0.0467199673785138,0.37812607192253905,0.1325917039266749,-2.943919131860129e-05,-0.0002359079491303952,1.1782372167817674,0.12705036016597313,1.210003430152125,21.504
256,64,0.43,1.68,0.023,0.0057990951641964,0.0084000496282192,0.5316684,0.3463936827675663,0.37812607192253905,0.25586730848684797,-7.846859053835709e-05,-0.0006433933007278914,1.1782372167817674,0.1625942109266918,1.210003430152125,27.52
257,64,0.437,1.66,0.002,0.0058916529199337,0.0007550323900922,0.5303517391304348,0.3509838176832194,0.3691665241415702,0.2717718952799701,8.943531262489983e-05,-0.0006950607974826577,1.6035162386856787,0.16132577104986617,1.1813328772530247,27.968
258,64,0.448,1.71,0.045,0.0073634812659113,0.0169650400288631,0.6335408695652174,0.4606834577710865,0.3915593833365561,0.3839478519355901,-0.00015379495006306865,-0.0008647869681412975,0.8203925604562989,0.17541860373477713,1.2529900266769796,28.672
259,64,0.48,1.68,0.023,0.0090548410687295,0.0096459413188398,0.7143664,0.5568206614785104,0.37812607192253905,0.35866924027395286,-0.00012124209613693492,-0.0010400781894232768,1.1782372167817674,0.18150051452281873,1.210003430152125,30.72
260,64,0.523,1.69,0.017,0.0131424266886709,0.0079355742581015,0.9266386956521739,0.7997795746566921,0.3823399122897887,0.46351018678862443,-0.00030992989320693725,-0.0014410413593400806,1.2902242516874698,0.1999637741275595,1.223487719327324,33.472
261,64,0.53,1.68,0.023,0.0135341057155818,0.0109799579354682,0.9320995999999999,0.8064113657398494,0.37812607192253905,0.44369793408383107,-0.00015205788901114133,-0.0015593020260086705,1.1782372167817674,0.2004068181189457,1.210003430152125,33.92
262,64,0.58,1.68,0.023,0.0195103569608591,0.0124091590449715,1.18072,1.0980928960070366,0.37812607192253905,0.4959055313431374,-0.00023023052209294754,-0.002134562188158403,1.1782372167817674,0.21931312171507264,1.210003430152125,37.12
263,64,0.64,1.3,0.023,0.0063747846622619,0.01624442892481,0.3082292,0.1086064514211916,0.18755224681131422,0.33971614981875065,-0.00012318218653242438,-0.0024862232138497336,1.3560024070065395,0.1200334379592411,0.6001671897962055,40.96
264,64,0.64,1.68,0.023,0.029067945156157,0.0142572198469195,1.527412,1.48554366133118,0.37812607192253905,0.6215655548782276,-0.00032893956288188985,-0.003365786804096159,1.1782372167817674,0.242000686030425,1.210003430152125,40.96
265,64,0.64,1.71,0.045,0.0313084380196151,0.0274651312510068,1.6111608695652173,1.5825655890818142,0.3915593833365561,0.9034010530139239,-0.00039246907652172765,-0.004112699927410138,0.8203925604562989,0.2505980053353959,1.2529900266769796,40.96
266,64,0.73,1.68,0.023,0.0493592408412053,0.0173166540318988,2.114412,2.2024733625422472,0.37812607192253905,1.0363692883881974,-0.001042184602321276,-0.00664831144596503,1.1782372167817674,0.2760320325034535,1.210003430152125,46.72
267,64,0.832,1.68,0.023,0.0827698047186438,0.0212128799560951,2.8506839999999998,3.180203354423891,0.37812607192253905,1.6728963529221135,-0.0023186270668221418,-0.013195188972851305,1.1782372167817674,0.3146008918395525,1.210003430152125,53.248
268,64,0.832,1.71,0.045,0.0890932515413399,0.0410062931296382,2.9402521739130436,3.3256950620098182,0.3915593833365561,2.177705431303133,-0.002774121324519277,-0.015580134341089506,0.8203925604562989,0.32577740693601465,1.2529900266769796,53.248
269,64,0.96,1.68,0.023,0.1424001377316708,0.0267582372643517,3.8067480000000002,4.58745379141408,0.37812607192253905,2.6851953226433882,-0.006230949676091724,-0.02745205781228351,1.1782372167817674,0.36300102904563747,1.210003430152125,61.44
270,64,0.96,1.68,0.023,0.1424001377316708,0.0267582372643517,3.8067480000000002,4.58745379141408,0.37812607192253905,2.6851953226433882,-0.006230949676091724,-0.02745205781228351,1.1782372167817674,0.36300102904563747,1.210003430152125,61.44
