parameter;Model;N;Xm;nr;ni;Value
back;par;1024;0.168;1.66;0.00200;0.2418403
back;par;1024;0.235;1.66;0.00200;0.2302968
back;par;1024;0.320;1.71;0.04500;0.2092168
back;par;1024;0.336;1.30;0.00100;0.2042832
back;par;1024;0.336;1.30;0.00220;0.204283
back;par;1024;0.336;1.30;0.00438;0.2042825
back;par;1024;0.336;1.30;0.02260;0.2042832
back;par;1024;0.336;1.30;0.09000;0.2043578
back;par;1024;0.336;1.66;0.00100;0.2041374
back;par;1024;0.336;1.66;0.00200;0.2041372
back;par;1024;0.336;1.66;0.00220;0.2041371
back;par;1024;0.336;1.66;0.00438;0.2041365
back;par;1024;0.336;1.68;0.00100;0.2041264
back;par;1024;0.336;1.68;0.00438;0.2041253
back;par;1024;0.336;1.71;0.02260;0.2041046
back;par;1024;0.336;1.71;0.04500;0.2041133
back;par;1024;0.336;1.71;0.09000;0.2041626
back;par;1024;0.336;2.00;0.00100;0.2036412
back;par;1024;0.336;2.00;0.00220;0.2036407
back;par;1024;0.336;2.00;0.00438;0.20364
back;par;1024;0.437;1.66;0.00200;0.1699486
back;par;1024;0.448;1.71;0.04500;0.1668104
back;par;1024;0.504;1.71;0.04500;0.1535703
back;par;1024;0.640;1.30;0.00100;0.1481303
back;par;1024;0.640;1.30;0.00438;0.1481127
back;par;1024;0.640;1.30;0.02260;0.1480339
back;par;1024;0.640;1.30;0.04500;0.1479706
back;par;1024;0.640;1.30;0.09000;0.1479565
back;par;1024;0.640;1.68;0.00100;0.1487872
back;par;1024;0.640;1.68;0.00438;0.1487659
back;par;1024;0.640;1.71;0.02260;0.1486392
back;par;1024;0.640;1.71;0.04500;0.1485409
back;par;1024;0.640;1.71;0.09000;0.1484443
back;par;1024;0.640;2.00;0.00438;0.1470935
back;par;1024;0.640;2.00;0.02260;0.146974
back;par;1024;0.640;2.00;0.04500;0.1468531
back;par;1024;0.640;2.00;0.09000;0.1467019
back;par;1024;0.832;1.71;0.04500;0.154203
back;par;128;0.168;1.66;0.00200;0.2042832
back;par;128;0.235;1.66;0.00200;0.3581122
back;par;128;0.320;1.71;0.04500;0.3037434
back;par;128;0.336;1.30;0.00100;0.2948171
back;par;128;0.336;1.30;0.00438;0.294816
back;par;128;0.336;1.66;0.00200;0.2938854
back;par;128;0.336;1.68;0.00100;0.2938243
back;par;128;0.336;1.68;0.00438;0.2938227
back;par;128;0.336;2.00;0.00100;0.2924152
back;par;128;0.336;2.00;0.00438;0.2924137
back;par;128;0.437;1.66;0.00200;0.2357834
back;par;128;0.448;1.71;0.04500;0.2304256
back;par;128;0.504;1.71;0.04500;0.209254
back;par;128;0.640;1.30;0.00100;0.197355
back;par;128;0.640;1.30;0.00438;0.1973324
back;par;128;0.640;1.68;0.00100;0.1964751
back;par;128;0.640;1.68;0.00438;0.1964481
back;par;128;0.640;2.00;0.00438;0.1930148
back;par;128;0.832;1.71;0.04500;0.196697
back;par;256;0.168;1.66;0.00200;0.3353243
back;par;256;0.235;1.66;0.00200;0.30066
back;par;256;0.320;1.71;0.04500;0.2627911
back;par;256;0.336;1.30;0.00100;0.2558143
back;par;256;0.336;1.30;0.00438;0.2558134
back;par;256;0.336;1.66;0.00200;0.2552268
back;par;256;0.336;1.68;0.00100;0.2551877
back;par;256;0.336;1.68;0.00438;0.2551863
back;par;256;0.336;2.00;0.00100;0.2541816
back;par;256;0.336;2.00;0.00438;0.2541801
back;par;256;0.437;1.66;0.00200;0.20773
back;par;256;0.448;1.71;0.04500;0.203387
back;par;256;0.504;1.71;0.04500;0.1857513
back;par;256;0.640;1.30;0.00100;0.1768649
back;par;256;0.640;1.30;0.00438;0.1768444
back;par;256;0.640;1.68;0.00100;0.1766493
back;par;256;0.640;1.68;0.00438;0.1766246
back;par;256;0.640;2.00;0.00438;0.1739518
back;par;256;0.832;1.71;0.04500;0.1794852
back;par;512;0.168;1.66;0.00200;0.280212
back;par;512;0.235;1.66;0.00200;0.2603895
back;par;512;0.320;1.71;0.04500;0.2326935
back;par;512;0.336;1.30;0.00100;0.2267779
back;par;512;0.336;1.30;0.00220;0.2267776
back;par;512;0.336;1.30;0.00438;0.226777
back;par;512;0.336;1.30;0.02260;0.2267774
back;par;512;0.336;1.30;0.09000;0.2268543
back;par;512;0.336;1.66;0.00100;0.2264437
back;par;512;0.336;1.66;0.00200;0.2264434
back;par;512;0.336;1.66;0.00220;0.2264433
back;par;512;0.336;1.66;0.00438;0.2264426
back;par;512;0.336;1.68;0.00100;0.2264206
back;par;512;0.336;1.68;0.00438;0.2264193
back;par;512;0.336;1.71;0.02260;0.2263798
back;par;512;0.336;1.71;0.04500;0.2263886
back;par;512;0.336;1.71;0.09000;0.2264396
back;par;512;0.336;2.00;0.00100;0.2257121
back;par;512;0.336;2.00;0.00220;0.2257116
back;par;512;0.336;2.00;0.00438;0.2257109
back;par;512;0.336;2.00;0.02260;0.2257082
back;par;512;0.336;2.00;0.09000;0.2257545
back;par;512;0.437;1.66;0.00200;0.1867284
back;par;512;0.448;1.71;0.04500;0.1829019
back;par;512;0.504;1.71;0.04500;0.1678271
back;par;512;0.640;1.30;0.00100;0.1611047
back;par;512;0.640;1.30;0.00438;0.1610858
back;par;512;0.640;1.30;0.02260;0.1610002
back;par;512;0.640;1.30;0.04500;0.1609297
back;par;512;0.640;1.30;0.09000;0.1609053
back;par;512;0.640;1.68;0.00100;0.1613707
back;par;512;0.640;1.68;0.00438;0.1613479
back;par;512;0.640;1.71;0.02260;0.1611765
back;par;512;0.640;1.71;0.04500;0.1610699
back;par;512;0.640;1.71;0.09000;0.1609616
back;par;512;0.640;2.00;0.00438;0.159228
back;par;512;0.640;2.00;0.02260;0.1590996
back;par;512;0.640;2.00;0.04500;0.1589693
back;par;512;0.640;2.00;0.09000;0.1588048
back;par;512;0.832;1.71;0.04500;0.1656792
back;tm;1024;0.168;1.66;0.002;0.2343224
back;tm;1024;0.235;1.66;0.002;0.2165576
back;tm;1024;0.336;1.30;0.001;0.1878804
back;tm;1024;0.336;1.30;0.0438;0.1876884
back;tm;1024;0.336;1.66;0.001;0.1966856
back;tm;1024;0.336;1.66;0.002;0.1966108
back;tm;1024;0.336;1.66;0.00438;0.1939144444
back;tm;1024;0.336;1.71;0.045;0.1966108
back;tm;1024;0.336;2.00;0.001;0.2085578571
back;tm;1024;0.336;2.00;0.0438;0.2078475
back;tm;1024;0.640;1.30;0.0226;0.1579704545
back;tm;1024;0.640;1.30;0.09;0.1508163636
back;tm;1024;0.640;1.71;0.0226;0.17738
back;tm;1024;0.640;1.71;0.045;0.19287125
back;tm;1024;0.640;2.00;0.0226;0.24716400000000002
back;tm;1024;0.640;2.00;0.045;0.2289
back;tm;128;0.168;1.66;0.002;0.4142165217
back;tm;128;0.235;1.66;0.002;0.3326936
back;tm;128;0.32;1.71;0.045;0.2911656
back;tm;128;0.336;1.66;0.002;0.2870772
back;tm;128;0.437;1.66;0.002;0.2563712
back;tm;128;0.448;1.71;0.045;0.2512524
back;tm;128;0.504;1.66;0.002;0.24490875
back;tm;128;0.73;1.71;0.069;0.2253924
back;tm;128;0.832;1.71;0.045;0.23352375
back;tm;128;0.96;1.71;0.045;0.2274557143
back;tm;128;0.336;1.30;0.001;0.2791663636
back;tm;128;0.336;1.30;0.0438;0.2789890909
back;tm;128;0.336;1.30;0.0226;0.2802676
back;tm;128;0.336;1.30;0.09;0.2769672
back;tm;128;0.336;1.68;0.001;0.2850995455
back;tm;128;0.336;1.68;0.00438;0.2849172727
back;tm;128;0.336;2.00;0.001;0.2929377273
back;tm;128;0.336;2.00;0.0438;0.2927536364
back;tm;128;0.336;2.00;0.0226;0.2944096
back;tm;128;0.336;2.00;0.09;0.290992
back;tm;128;0.640;1.30;0.001;0.2094112
back;tm;128;0.640;1.30;0.0438;0.2092329412
back;tm;128;0.640;1.30;0.0226;0.206868
back;tm;128;0.640;1.30;0.09;0.2000476
back;tm;128;0.640;1.68;0.001;0.2346276
back;tm;128;0.640;1.68;0.00438;0.2339608
back;tm;128;0.640;1.71;0.045;0.2299908
back;tm;128;0.640;2.00;0.001;0.26787571428571433
back;tm;128;0.640;2.00;0.0438;0.26813375000000006
back;tm;128;0.640;2.00;0.0226;0.26193913043478267
back;tm;128;0.640;2.00;0.09;0.2494071429
back;tm;256;0.168;1.66;0.002;0.331084
back;tm;256;0.235;1.66;0.002;0.264234
back;tm;256;0.32;1.71;0.045;0.2361576
back;tm;256;0.437;1.66;0.002;0.2321868
back;tm;256;0.448;1.71;0.045;0.2301112
back;tm;256;0.504;1.71;0.045;0.217642
back;tm;256;0.832;1.71;0.045;0.2316920833
back;tm;256;0.336;1.30;0.001;0.2262375
back;tm;256;0.336;1.30;0.0438;0.2260775
back;tm;256;0.336;1.30;0.0226;0.2297321053
back;tm;256;0.336;1.30;0.09;0.2217453333
back;tm;256;0.336;1.66;0.002;0.2376524
back;tm;256;0.336;1.68;0.001;0.2357116667
back;tm;256;0.336;1.68;0.00438;0.2355375
back;tm;256;0.336;2.00;0.001;0.2476557143
back;tm;256;0.336;2.00;0.0438;0.2477472727
back;tm;256;0.336;2.00;0.0226;0.2420007692
back;tm;256;0.336;2.00;0.09;0.242882069
back;tm;256;0.640;1.30;0.001;0.1911818182
back;tm;256;0.640;1.30;0.0438;0.1907922727
back;tm;256;0.640;1.30;0.0226;0.1864166667
back;tm;256;0.640;1.68;0.001;0.2234390909
back;tm;256;0.640;1.68;0.00438;0.2226622727
back;tm;256;0.640;1.71;0.045;0.21488
back;tm;256;0.640;2.00;0.001;0.266055
back;tm;256;0.640;2.00;0.0438;0.2628389474
back;tm;256;0.96;1.30;0.006;0.1750792
back;tm;256;0.96;1.30;0.0226;0.1705928
back;tm;256;0.96;1.30;0.09;0.1572732
back;tm;256;0.96;1.30;0.3;0.1440088
back;tm;256;0.96;1.71;0.045;0.23492833333333332
back;tm;256;0.96;2.00;0.006;0.988605
back;tm;512;0.168;1.66;0.002;0.2793928
back;tm;512;0.235;1.66;0.002;0.2379096
back;tm;512;0.32;1.71;0.045;0.2252804
back;tm;512;0.437;1.66;0.002;0.2155895238
back;tm;512;0.448;1.71;0.045;0.2126116
back;tm;512;0.504;1.66;0.002;0.2065033333
back;tm;512;0.73;1.71;0.002;0.24057
back;tm;512;0.336;1.30;0.001;0.2135204
back;tm;512;0.336;1.30;0.0438;0.2133316
back;tm;512;0.336;1.30;0.0226;0.2123336
back;tm;512;0.336;1.30;0.09;0.2089464
back;tm;512;0.336;1.66;0.002;0.221818
back;tm;512;0.336;1.68;0.001;0.21192
back;tm;512;0.336;1.68;0.00438;0.22429
back;tm;512;0.336;2.00;0.0226;0.2318684
back;tm;512;0.336;2.00;0.09;0.2279108
back;tm;512;0.640;1.30;0.0226;0.1735964
back;tm;512;0.640;1.30;0.045;0.1709636
back;tm;512;0.640;1.30;0.09;0.1665084
back;tm;512;0.640;1.71;0.0226;0.21175375
back;tm;512;0.640;1.71;0.09;0.2003724
back;tm;512;0.640;1.71;0.045;0.2091612
back;tm;512;0.640;2.00;0.0226;0.25625523809523815
back;tm;512;0.640;2.00;0.045;0.24966799999999995
back;tm;512;0.640;2.00;0.09;0.2386063158
frwd;par;1024;0.168;1.66;0.00200;27.1140137
frwd;par;1024;0.235;1.66;0.00200;45.8048553
frwd;par;1024;0.320;1.71;0.04500;74.9638443
frwd;par;1024;0.336;1.30;0.00100;81.2879639
frwd;par;1024;0.336;1.30;0.00220;81.2880173
frwd;par;1024;0.336;1.30;0.00438;81.2880402
frwd;par;1024;0.336;1.30;0.02260;81.2878342
frwd;par;1024;0.336;1.30;0.09000;81.2807007
frwd;par;1024;0.336;1.66;0.00100;81.1495209
frwd;par;1024;0.336;1.66;0.00200;81.1495361
frwd;par;1024;0.336;1.66;0.00220;81.1495209
frwd;par;1024;0.336;1.66;0.00438;81.1495972
frwd;par;1024;0.336;1.68;0.00100;81.1408081
frwd;par;1024;0.336;1.68;0.00438;81.1408844
frwd;par;1024;0.336;1.71;0.02260;81.1278
frwd;par;1024;0.336;1.71;0.04500;81.1268768
frwd;par;1024;0.336;1.71;0.09000;81.1222916
frwd;par;1024;0.336;2.00;0.00100;81.0139313
frwd;par;1024;0.336;2.00;0.00220;81.0139465
frwd;par;1024;0.336;2.00;0.00438;81.0139923
frwd;par;1024;0.437;1.66;0.00200;125.0543213
frwd;par;1024;0.448;1.71;0.04500;130.2905121
frwd;par;1024;0.504;1.71;0.04500;158.7559052
frwd;par;1024;0.640;1.30;0.00100;239.0428009
frwd;par;1024;0.640;1.30;0.00438;239.0456696
frwd;par;1024;0.640;1.30;0.02260;239.0570679
frwd;par;1024;0.640;1.30;0.04500;239.0630035
frwd;par;1024;0.640;1.30;0.09000;239.0481567
frwd;par;1024;0.640;1.68;0.00100;237.6682739
frwd;par;1024;0.640;1.68;0.00438;237.6717072
frwd;par;1024;0.640;1.71;0.02260;237.5813751
frwd;par;1024;0.640;1.71;0.04500;237.5944061
frwd;par;1024;0.640;1.71;0.09000;237.5984344
frwd;par;1024;0.640;2.00;0.00438;236.7842102
frwd;par;1024;0.640;2.00;0.02260;236.8023224
frwd;par;1024;0.640;2.00;0.04500;236.8195343
frwd;par;1024;0.640;2.00;0.09000;236.835907
frwd;par;1024;0.832;1.71;0.04500;369.1983337
frwd;par;128;0.168;1.66;0.00200;81.2879639
frwd;par;128;0.235;1.66;0.00200;8.8916101
frwd;par;128;0.320;1.71;0.04500;13.6463814
frwd;par;128;0.336;1.30;0.00100;14.6682987
frwd;par;128;0.336;1.30;0.00438;14.6683159
frwd;par;128;0.336;1.66;0.00200;14.6453876
frwd;par;128;0.336;1.68;0.00100;14.6439648
frwd;par;128;0.336;1.68;0.00438;14.6439772
frwd;par;128;0.336;2.00;0.00100;14.6244173
frwd;par;128;0.336;2.00;0.00438;14.6244354
frwd;par;128;0.437;1.66;0.00200;21.683773
frwd;par;128;0.448;1.71;0.04500;22.5182838
frwd;par;128;0.504;1.71;0.04500;27.0401211
frwd;par;128;0.640;1.30;0.00100;39.6553879
frwd;par;128;0.640;1.30;0.00438;39.6560211
frwd;par;128;0.640;1.68;0.00100;39.4263
frwd;par;128;0.640;1.68;0.00438;39.4270477
frwd;par;128;0.640;2.00;0.00438;39.2843399
frwd;par;128;0.832;1.71;0.04500;59.6763992
frwd;par;256;0.168;1.66;0.00200;9.3220024
frwd;par;256;0.235;1.66;0.00200;14.9511261
frwd;par;256;0.320;1.71;0.04500;23.5864143
frwd;par;256;0.336;1.30;0.00100;25.4490891
frwd;par;256;0.336;1.30;0.00438;25.4491272
frwd;par;256;0.336;1.66;0.00200;25.4069061
frwd;par;256;0.336;1.68;0.00100;25.4042645
frwd;par;256;0.336;1.68;0.00438;25.4042854
frwd;par;256;0.336;2.00;0.00100;25.3669033
frwd;par;256;0.336;2.00;0.00438;25.3669224
frwd;par;256;0.437;1.66;0.00200;38.2636948
frwd;par;256;0.448;1.71;0.04500;39.7903709
frwd;par;256;0.504;1.71;0.04500;48.0762062
frwd;par;256;0.640;1.30;0.00100;71.2905884
frwd;par;256;0.640;1.30;0.00438;71.2915878
frwd;par;256;0.640;1.68;0.00100;70.8755722
frwd;par;256;0.640;1.68;0.00438;70.8767776
frwd;par;256;0.640;2.00;0.00438;70.612648
frwd;par;256;0.832;1.71;0.04500;108.4172821
frwd;par;512;0.168;1.66;0.00200;15.6737671
frwd;par;512;0.235;1.66;0.00200;25.8939857
frwd;par;512;0.320;1.71;0.04500;41.7098503
frwd;par;512;0.336;1.30;0.00100;45.1312256
frwd;par;512;0.336;1.30;0.00220;45.1312447
frwd;par;512;0.336;1.30;0.00438;45.1312561
frwd;par;512;0.336;1.30;0.02260;45.131134
frwd;par;512;0.336;1.30;0.09000;45.1270027
frwd;par;512;0.336;1.66;0.00100;45.0546379
frwd;par;512;0.336;1.66;0.00200;45.0546532
frwd;par;512;0.336;1.66;0.00220;45.0546494
frwd;par;512;0.336;1.66;0.00438;45.0546684
frwd;par;512;0.336;1.68;0.00100;45.0498276
frwd;par;512;0.336;1.68;0.00438;45.0498657
frwd;par;512;0.336;1.71;0.02260;45.0426598
frwd;par;512;0.336;1.71;0.04500;45.0421219
frwd;par;512;0.336;1.71;0.09000;45.0394516
frwd;par;512;0.336;2.00;0.00100;44.9805603
frwd;par;512;0.336;2.00;0.00220;44.9805756
frwd;par;512;0.336;2.00;0.00438;44.9806099
frwd;par;512;0.336;2.00;0.02260;44.9806252
frwd;par;512;0.336;2.00;0.09000;44.9781685
frwd;par;512;0.437;1.66;0.00200;68.7359314
frwd;par;512;0.448;1.71;0.04500;71.5539246
frwd;par;512;0.504;1.71;0.04500;86.862381
frwd;par;512;0.640;1.30;0.00100;129.9050903
frwd;par;512;0.640;1.30;0.00438;129.9067535
frwd;par;512;0.640;1.30;0.02260;129.913559
frwd;par;512;0.640;1.30;0.04500;129.9173889
frwd;par;512;0.640;1.30;0.09000;129.9099426
frwd;par;512;0.640;1.68;0.00100;129.1520386
frwd;par;512;0.640;1.68;0.00438;129.1540833
frwd;par;512;0.640;1.71;0.02260;129.1051941
frwd;par;512;0.640;1.71;0.04500;129.1129456
frwd;par;512;0.640;1.71;0.09000;129.1158752
frwd;par;512;0.640;2.00;0.00438;128.6700134
frwd;par;512;0.640;2.00;0.02260;128.6806793
frwd;par;512;0.640;2.00;0.04500;128.6908112
frwd;par;512;0.640;2.00;0.09000;128.700592
frwd;par;512;0.832;1.71;0.04500;199.2299805
frwd;tm;1024;0.168;1.66;0.002;27.39172
frwd;tm;1024;0.235;1.66;0.002;46.43284
frwd;tm;1024;0.336;1.30;0.001;83.08244
frwd;tm;1024;0.336;1.30;0.0438;83.1412
frwd;tm;1024;0.336;1.66;0.001;82.6938
frwd;tm;1024;0.336;1.66;0.002;82.71288
frwd;tm;1024;0.336;1.66;0.00438;82.9026666667
frwd;tm;1024;0.336;1.71;0.045;82.71288
frwd;tm;1024;0.336;2.00;0.001;81.3432142857
frwd;tm;1024;0.336;2.00;0.0438;81.7850833333
frwd;tm;1024;0.640;1.30;0.0226;246.17
frwd;tm;1024;0.640;1.30;0.09;254.7836363636
frwd;tm;1024;0.640;1.71;0.0226;224.38
frwd;tm;1024;0.640;1.71;0.045;241.245
frwd;tm;1024;0.640;2.00;0.0226;238.814
frwd;tm;1024;0.640;2.00;0.045;235.41
frwd;tm;128;0.168;1.66;0.002;5.7656130435
frwd;tm;128;0.235;1.66;0.002;8.950008
frwd;tm;128;0.32;1.71;0.045;13.86608
frwd;tm;128;0.336;1.66;0.002;14.8348
frwd;tm;128;0.437;1.66;0.002;21.97512
frwd;tm;128;0.448;1.71;0.045;22.99368
frwd;tm;128;0.504;1.66;0.002;27.3481666667
frwd;tm;128;0.73;1.71;0.069;50.88848
frwd;tm;128;0.832;1.71;0.045;62.842625
frwd;tm;128;0.96;1.71;0.045;79.712
frwd;tm;128;0.336;1.30;0.001;14.9233636364
frwd;tm;128;0.336;1.30;0.0438;14.9296818182
frwd;tm;128;0.336;1.30;0.0226;14.98424
frwd;tm;128;0.336;1.30;0.09;15.10876
frwd;tm;128;0.336;1.68;0.001;14.8080454545
frwd;tm;128;0.336;1.68;0.00438;14.8138636364
frwd;tm;128;0.336;2.00;0.001;14.6993181818
frwd;tm;128;0.336;2.00;0.0438;14.7046363636
frwd;tm;128;0.336;2.00;0.0226;14.74932
frwd;tm;128;0.336;2.00;0.09;14.85304
frwd;tm;128;0.640;1.30;0.001;40.20336
frwd;tm;128;0.640;1.30;0.0438;39.9235294118
frwd;tm;128;0.640;1.30;0.0226;40.52656
frwd;tm;128;0.640;1.30;0.09;41.49744
frwd;tm;128;0.640;1.68;0.001;39.87004
frwd;tm;128;0.640;1.68;0.00438;39.92408
frwd;tm;128;0.640;1.71;0.045;40.526
frwd;tm;128;0.640;2.00;0.001;39.399190476190469
frwd;tm;128;0.640;2.00;0.0438;39.521583333333332
frwd;tm;128;0.640;2.00;0.0226;39.762782608695659
frwd;tm;128;0.640;2.00;0.09;40.7584761905
frwd;tm;256;0.168;1.66;0.002;9.2710666667
frwd;tm;256;0.235;1.66;0.002;14.92796
frwd;tm;256;0.32;1.71;0.045;23.91328
frwd;tm;256;0.437;1.66;0.002;38.63132
frwd;tm;256;0.448;1.71;0.045;40.54772
frwd;tm;256;0.504;1.71;0.045;49.08908
frwd;tm;256;0.832;1.71;0.045;114.0554166667
frwd;tm;256;0.336;1.30;0.001;26.0286666667
frwd;tm;256;0.336;1.30;0.0438;26.0418333333
frwd;tm;256;0.336;1.30;0.0226;26.3068421053
frwd;tm;256;0.336;1.30;0.09;26.4280666667
frwd;tm;256;0.336;1.66;0.002;25.66108
frwd;tm;256;0.336;1.68;0.001;25.8904166667
frwd;tm;256;0.336;1.68;0.00438;25.9025
frwd;tm;256;0.336;2.00;0.001;25.7324285714
frwd;tm;256;0.336;2.00;0.0438;25.7481818182
frwd;tm;256;0.336;2.00;0.0226;25.6929230769
frwd;tm;256;0.336;2.00;0.09;26.0638965517
frwd;tm;256;0.640;1.30;0.001;72.7911818182
frwd;tm;256;0.640;1.30;0.0438;72.8930909091
frwd;tm;256;0.640;1.30;0.0226;72.7286666667
frwd;tm;256;0.640;1.68;0.001;72.2519090909
frwd;tm;256;0.640;1.68;0.00438;72.365
frwd;tm;256;0.640;1.71;0.045;72.9293333333
frwd;tm;256;0.640;2.00;0.001;71.48975
frwd;tm;256;0.640;2.00;0.0438;71.4705263158
frwd;tm;256;0.96;1.30;0.006;142.2128
frwd;tm;256;0.96;1.30;0.0226;144.1624
frwd;tm;256;0.96;1.30;0.09;151.318
frwd;tm;256;0.96;1.30;0.3;167.7148
frwd;tm;256;0.96;1.71;0.045;146.2820833333333
frwd;tm;256;0.96;2.00;0.006;70.84365
frwd;tm;512;0.168;1.66;0.002;16.14484
frwd;tm;512;0.235;1.66;0.002;26.694
frwd;tm;512;0.32;1.71;0.045;43.4428
frwd;tm;512;0.437;1.66;0.002;71.2963333333
frwd;tm;512;0.448;1.71;0.045;74.84224
frwd;tm;512;0.504;1.66;0.002;89.8532916667
frwd;tm;512;0.73;1.71;0.002;156.23
frwd;tm;512;0.336;1.30;0.001;46.90152
frwd;tm;512;0.336;1.30;0.0438;46.92948
frwd;tm;512;0.336;1.30;0.0226;47.08036
frwd;tm;512;0.336;1.30;0.09;47.625
frwd;tm;512;0.336;1.66;0.002;46.66356
frwd;tm;512;0.336;1.68;0.001;46.5598
frwd;tm;512;0.336;1.68;0.00438;46.8259583333
frwd;tm;512;0.336;2.00;0.0226;46.5322
frwd;tm;512;0.336;2.00;0.09;46.98248
frwd;tm;512;0.640;1.30;0.0226;135.59
frwd;tm;512;0.640;1.30;0.045;136.9928
frwd;tm;512;0.640;1.30;0.09;139.684
frwd;tm;512;0.640;1.71;0.0226;135.56
frwd;tm;512;0.640;1.71;0.09;138.7328
frwd;tm;512;0.640;1.71;0.045;136.0004
frwd;tm;512;0.640;2.00;0.0226;133.07142857142858
frwd;tm;512;0.640;2.00;0.045;134.9555
frwd;tm;512;0.640;2.00;0.09;138.0042105263
maxpol;par;1024;0.168;1.66;0.00200;0.9930328483
maxpol;par;1024;0.235;1.66;0.00200;0.985213153
maxpol;par;1024;0.320;1.71;0.04500;0.9664327261
maxpol;par;1024;0.336;1.30;0.00100;0.9930097609
maxpol;par;1024;0.336;1.30;0.00220;0.9930137504
maxpol;par;1024;0.336;1.30;0.00438;0.9930212338
maxpol;par;1024;0.336;1.30;0.02260;0.9930487828
maxpol;par;1024;0.336;1.30;0.09000;0.9926456244
maxpol;par;1024;0.336;1.66;0.00100;0.9666208936
maxpol;par;1024;0.336;1.66;0.00200;0.9666357546
maxpol;par;1024;0.336;1.66;0.00220;0.9666387135
maxpol;par;1024;0.336;1.66;0.00438;0.966670915
maxpol;par;1024;0.336;1.68;0.00100;0.9647757427
maxpol;par;1024;0.336;1.68;0.00438;0.9648272269
maxpol;par;1024;0.336;1.71;0.02260;0.9622740403
maxpol;par;1024;0.336;1.71;0.04500;0.9625126446
maxpol;par;1024;0.336;1.71;0.09000;0.9627197131
maxpol;par;1024;0.336;2.00;0.00100;0.9331901285
maxpol;par;1024;0.336;2.00;0.00220;0.9332185425
maxpol;par;1024;0.336;2.00;0.00438;0.9332699682
maxpol;par;1024;0.437;1.66;0.00200;0.939363703
maxpol;par;1024;0.448;1.71;0.04500;0.9284559311
maxpol;par;1024;0.504;1.71;0.04500;0.9067166716
maxpol;par;1024;0.640;1.30;0.00100;0.9695520612
maxpol;par;1024;0.640;1.30;0.00438;0.9696661901
maxpol;par;1024;0.640;1.30;0.02260;0.9701170225
maxpol;par;1024;0.640;1.30;0.04500;0.9703145676
maxpol;par;1024;0.640;1.30;0.09000;0.969615003
maxpol;par;1024;0.640;1.68;0.00100;0.8464588057
maxpol;par;1024;0.640;1.68;0.00438;0.8469875147
maxpol;par;1024;0.640;1.71;0.02260;0.8376019058
maxpol;par;1024;0.640;1.71;0.04500;0.8407030112
maxpol;par;1024;0.640;1.71;0.09000;0.8455321147
maxpol;par;1024;0.640;2.00;0.00438;0.7085577248
maxpol;par;1024;0.640;2.00;0.02260;0.7131581055
maxpol;par;1024;0.640;2.00;0.04500;0.7184366814
maxpol;par;1024;0.640;2.00;0.09000;0.7275803734
maxpol;par;1024;0.832;1.71;0.04500;0.7154279249
maxpol;par;128;0.168;1.66;0.00200;0.9930097609
maxpol;par;128;0.235;1.66;0.00200;0.9906368136
maxpol;par;128;0.320;1.71;0.04500;0.9792744888
maxpol;par;128;0.336;1.30;0.00100;0.9956954339
maxpol;par;128;0.336;1.30;0.00438;0.995699571
maxpol;par;128;0.336;1.66;0.00200;0.9795711691
maxpol;par;128;0.336;1.68;0.00100;0.9784385468
maxpol;par;128;0.336;1.68;0.00438;0.9784598027
maxpol;par;128;0.336;2.00;0.00100;0.9592856695
maxpol;par;128;0.336;2.00;0.00438;0.9593191666
maxpol;par;128;0.437;1.66;0.00200;0.963420168
maxpol;par;128;0.448;1.71;0.04500;0.9565325438
maxpol;par;128;0.504;1.71;0.04500;0.943443194
maxpol;par;128;0.640;1.30;0.00100;0.9817729721
maxpol;par;128;0.640;1.30;0.00438;0.9818189304
maxpol;par;128;0.640;1.68;0.00100;0.9082313064
maxpol;par;128;0.640;1.68;0.00438;0.908451285
maxpol;par;128;0.640;2.00;0.00438;0.825748456
maxpol;par;128;0.832;1.71;0.04500;0.8269892326
maxpol;par;256;0.168;1.66;0.00200;0.9947438155
maxpol;par;256;0.235;1.66;0.00200;0.9892114116
maxpol;par;256;0.320;1.71;0.04500;0.9757900765
maxpol;par;256;0.336;1.30;0.00100;0.9949697135
maxpol;par;256;0.336;1.30;0.00438;0.9949760855
maxpol;par;256;0.336;1.66;0.00200;0.9760571365
maxpol;par;256;0.336;1.68;0.00100;0.9747262272
maxpol;par;256;0.336;1.68;0.00438;0.9747554954
maxpol;par;256;0.336;2.00;0.00100;0.9521817218
maxpol;par;256;0.336;2.00;0.00438;0.9522270704
maxpol;par;256;0.437;1.66;0.00200;0.9568133376
maxpol;par;256;0.448;1.71;0.04500;0.9487970611
maxpol;par;256;0.504;1.71;0.04500;0.9332915609
maxpol;par;256;0.640;1.30;0.00100;0.978395775
maxpol;par;256;0.640;1.30;0.00438;0.9784593931
maxpol;par;256;0.640;1.68;0.00100;0.8911408508
maxpol;par;256;0.640;1.68;0.00438;0.8914403176
maxpol;par;256;0.640;2.00;0.00438;0.7933027379
maxpol;par;256;0.832;1.71;0.04500;0.7958547635
maxpol;par;512;0.168;1.66;0.00200;0.9939949529
maxpol;par;512;0.235;1.66;0.00200;0.987417055
maxpol;par;512;0.320;1.71;0.04500;0.9715466477
maxpol;par;512;0.336;1.30;0.00100;0.9940825717
maxpol;par;512;0.336;1.30;0.00220;0.9940857142
maxpol;par;512;0.336;1.30;0.00438;0.9940911007
maxpol;par;512;0.336;1.30;0.02260;0.9941082486
maxpol;par;512;0.336;1.30;0.09000;0.9937427826
maxpol;par;512;0.336;1.66;0.00100;0.9717726226
maxpol;par;512;0.336;1.66;0.00200;0.9717842261
maxpol;par;512;0.336;1.66;0.00220;0.9717864473
maxpol;par;512;0.336;1.66;0.00438;0.9718105351
maxpol;par;512;0.336;1.68;0.00100;0.9702130719
maxpol;par;512;0.336;1.68;0.00438;0.970252307
maxpol;par;512;0.336;1.71;0.02260;0.9680680686
maxpol;par;512;0.336;1.71;0.04500;0.9682373189
maxpol;par;512;0.336;1.71;0.09000;0.9683501741
maxpol;par;512;0.336;2.00;0.00100;0.9435620657
maxpol;par;512;0.336;2.00;0.00220;0.9435839306
maxpol;par;512;0.336;2.00;0.00438;0.9436228027
maxpol;par;512;0.336;2.00;0.02260;0.943922582
maxpol;par;512;0.336;2.00;0.09000;0.9446499939
maxpol;par;512;0.437;1.66;0.00200;0.9488706716
maxpol;par;512;0.448;1.71;0.04500;0.9395246131
maxpol;par;512;0.504;1.71;0.04500;0.9211632699
maxpol;par;512;0.640;1.30;0.00100;0.9743624457
maxpol;par;512;0.640;1.30;0.00438;0.9744477286
maxpol;par;512;0.640;1.30;0.02260;0.9747751901
maxpol;par;512;0.640;1.30;0.04500;0.9748769137
maxpol;par;512;0.640;1.30;0.09000;0.9741549332
maxpol;par;512;0.640;1.68;0.00100;0.8707526541
maxpol;par;512;0.640;1.68;0.00438;0.8711533258
maxpol;par;512;0.640;1.71;0.02260;0.8630043593
maxpol;par;512;0.640;1.71;0.04500;0.8653194502
maxpol;par;512;0.640;1.71;0.09000;0.8688271633
maxpol;par;512;0.640;2.00;0.00438;0.7546235229
maxpol;par;512;0.640;2.00;0.02260;0.7581077078
maxpol;par;512;0.640;2.00;0.04500;0.7620864485
maxpol;par;512;0.640;2.00;0.09000;0.7689124598
maxpol;par;512;0.832;1.71;0.04500;0.7590106999
maxpol;tm;1024;0.168;1.66;0.002;0.9941068
maxpol;tm;1024;0.235;1.66;0.002;0.9881428
maxpol;tm;1024;0.336;1.30;0.001;0.9942476
maxpol;tm;1024;0.336;1.30;0.0438;0.9942528
maxpol;tm;1024;0.336;1.66;0.001;0.9747348
maxpol;tm;1024;0.336;1.66;0.002;0.9747444
maxpol;tm;1024;0.336;1.66;0.00438;0.9745666667
maxpol;tm;1024;0.336;1.71;0.045;0.9747444
maxpol;tm;1024;0.336;2.00;0.001;0.9487942857
maxpol;tm;1024;0.336;2.00;0.0438;0.94789125
maxpol;tm;1024;0.640;1.30;0.0226;0.9762640909
maxpol;tm;1024;0.640;1.30;0.09;0.9760418182
maxpol;tm;1024;0.640;1.71;0.0226;0.87738
maxpol;tm;1024;0.640;1.71;0.045;0.876275
maxpol;tm;1024;0.640;2.00;0.0226;0.778948
maxpol;tm;1024;0.640;2.00;0.045;0.7904033333
maxpol;tm;128;0.168;1.66;0.002;0.995966087
maxpol;tm;128;0.235;1.66;0.002;0.9913852
maxpol;tm;128;0.32;1.71;0.045;0.980204
maxpol;tm;128;0.336;1.66;0.002;0.9804944
maxpol;tm;128;0.437;1.66;0.002;0.9660316
maxpol;tm;128;0.448;1.71;0.045;0.9593428
maxpol;tm;128;0.504;1.66;0.002;0.9526283333
maxpol;tm;128;0.73;1.71;0.069;0.8756724
maxpol;tm;128;0.832;1.71;0.045;0.82851
maxpol;tm;128;0.96;1.71;0.045;0.7624357143
maxpol;tm;128;0.336;1.30;0.001;0.9956531818
maxpol;tm;128;0.336;1.30;0.0438;0.9956545455
maxpol;tm;128;0.336;1.30;0.0226;0.9956068
maxpol;tm;128;0.336;1.30;0.09;0.99529
maxpol;tm;128;0.336;1.68;0.001;0.9796068182
maxpol;tm;128;0.336;1.68;0.00438;0.9796177273
maxpol;tm;128;0.336;2.00;0.001;0.9602013636
maxpol;tm;128;0.336;2.00;0.0438;0.9602231818
maxpol;tm;128;0.336;2.00;0.0226;0.9599644
maxpol;tm;128;0.336;2.00;0.09;0.9600772
maxpol;tm;128;0.640;1.30;0.001;0.9825476
maxpol;tm;128;0.640;1.30;0.0438;0.9823605882
maxpol;tm;128;0.640;1.30;0.0226;0.9826524
maxpol;tm;128;0.640;1.30;0.09;0.982014
maxpol;tm;128;0.640;1.68;0.001;0.9120596
maxpol;tm;128;0.640;1.68;0.00438;0.9122568
maxpol;tm;128;0.640;1.71;0.045;0.905876
maxpol;tm;128;0.640;2.00;0.001;0.82168952380952387
maxpol;tm;128;0.640;2.00;0.0438;0.82239375
maxpol;tm;128;0.640;2.00;0.0226;0.82368869565217384
maxpol;tm;128;0.640;2.00;0.09;0.8274266667
maxpol;tm;256;0.168;1.66;0.002;0.9956873333
maxpol;tm;256;0.235;1.66;0.002;0.9905992
maxpol;tm;256;0.32;1.71;0.045;0.9778584
maxpol;tm;256;0.437;1.66;0.002;0.9591488
maxpol;tm;256;0.448;1.71;0.045;0.951246
maxpol;tm;256;0.504;1.71;0.045;0.939102
maxpol;tm;256;0.832;1.71;0.045;0.81103
maxpol;tm;256;0.336;1.30;0.001;0.9952575
maxpol;tm;256;0.336;1.30;0.0438;0.9952591667
maxpol;tm;256;0.336;1.30;0.0226;0.9952431579
maxpol;tm;256;0.336;1.30;0.09;0.9948753333
maxpol;tm;256;0.336;1.66;0.002;0.97805
maxpol;tm;256;0.336;1.68;0.001;0.9774625
maxpol;tm;256;0.336;1.68;0.00438;0.977475
maxpol;tm;256;0.336;2.00;0.001;0.95787
maxpol;tm;256;0.336;2.00;0.0438;0.9551845455
maxpol;tm;256;0.336;2.00;0.0226;0.9562653846
maxpol;tm;256;0.336;2.00;0.09;0.9564327586
maxpol;tm;256;0.640;1.30;0.001;0.9810545455
maxpol;tm;256;0.640;1.30;0.0438;0.9810459091
maxpol;tm;256;0.640;1.30;0.0226;0.98116
maxpol;tm;256;0.640;1.68;0.001;0.9057922727
maxpol;tm;256;0.640;1.68;0.00438;0.9060290909
maxpol;tm;256;0.640;1.71;0.045;0.8991941667
maxpol;tm;256;0.640;2.00;0.001;0.8148825
maxpol;tm;256;0.640;2.00;0.0438;0.8130952632
maxpol;tm;256;0.96;1.30;0.006;0.9499296
maxpol;tm;256;0.96;1.30;0.0226;0.9509008
maxpol;tm;256;0.96;1.30;0.09;0.9516656
maxpol;tm;256;0.96;1.30;0.3;0.9331004
maxpol;tm;256;0.96;1.71;0.045;0.75162958333333318
maxpol;tm;256;0.96;2.00;0.006;0.2801885
maxpol;tm;512;0.168;1.66;0.002;0.9947248
maxpol;tm;512;0.235;1.66;0.002;0.9894428
maxpol;tm;512;0.32;1.71;0.045;0.9762104
maxpol;tm;512;0.437;1.66;0.002;0.9585842857
maxpol;tm;512;0.448;1.71;0.045;0.9502704
maxpol;tm;512;0.504;1.66;0.002;0.94277125
maxpol;tm;512;0.73;1.71;0.002;0.8473
maxpol;tm;512;0.336;1.30;0.001;0.9946652
maxpol;tm;512;0.336;1.30;0.0438;0.9946696
maxpol;tm;512;0.336;1.30;0.0226;0.9946648
maxpol;tm;512;0.336;1.30;0.09;0.99431
maxpol;tm;512;0.336;1.66;0.002;0.9763092
maxpol;tm;512;0.336;1.68;0.001;0.97627
maxpol;tm;512;0.336;1.68;0.00438;0.9754683333
maxpol;tm;512;0.336;2.00;0.0226;0.9515276
maxpol;tm;512;0.336;2.00;0.09;0.9518536
maxpol;tm;512;0.640;1.30;0.0226;0.9792852
maxpol;tm;512;0.640;1.30;0.045;0.9793264
maxpol;tm;512;0.640;1.30;0.09;0.978748
maxpol;tm;512;0.640;1.71;0.0226;0.89066125
maxpol;tm;512;0.640;1.71;0.09;0.8927532
maxpol;tm;512;0.640;1.71;0.045;0.8901084
maxpol;tm;512;0.640;2.00;0.0226;0.79489619047619053
maxpol;tm;512;0.640;2.00;0.045;0.79785749999999989
maxpol;tm;512;0.640;2.00;0.09;0.8008705263
Qa;par;1024;0.168;1.66;0.00200;0.0070224
Qa;par;1024;0.235;1.66;0.00200;0.0102535
Qa;par;1024;0.320;1.71;0.04500;0.3189366
Qa;par;1024;0.336;1.30;0.00100;0.0086956
Qa;par;1024;0.336;1.30;0.00220;0.0191165
Qa;par;1024;0.336;1.30;0.00438;0.0380095
Qa;par;1024;0.336;1.30;0.02260;0.1940442
Qa;par;1024;0.336;1.30;0.09000;0.7456802
Qa;par;1024;0.336;1.66;0.00100;0.0078122
Qa;par;1024;0.336;1.66;0.00200;0.0156168
Qa;par;1024;0.336;1.66;0.00220;0.0171769
Qa;par;1024;0.336;1.66;0.00438;0.0341617
Qa;par;1024;0.336;1.68;0.00100;0.0077535
Qa;par;1024;0.336;1.68;0.00438;0.0339058
Qa;par;1024;0.336;1.71;0.02260;0.1714992
Qa;par;1024;0.336;1.71;0.04500;0.3395296
Qa;par;1024;0.336;1.71;0.09000;0.6630606
Qa;par;1024;0.336;2.00;0.00100;0.0067693
Qa;par;1024;0.336;2.00;0.00220;0.0148857
Qa;par;1024;0.336;2.00;0.00438;0.0296117
Qa;par;1024;0.437;1.66;0.00200;0.0216148
Qa;par;1024;0.448;1.71;0.04500;0.4807944
Qa;par;1024;0.504;1.71;0.04500;0.5580228
Qa;par;1024;0.640;1.30;0.00100;0.0180363
Qa;par;1024;0.640;1.30;0.00438;0.0786356
Qa;par;1024;0.640;1.30;0.02260;0.3959255
Qa;par;1024;0.640;1.30;0.04500;0.768802
Qa;par;1024;0.640;1.30;0.09000;1.4476268
Qa;par;1024;0.640;1.68;0.00100;0.0178561
Qa;par;1024;0.640;1.68;0.00438;0.0778959
Qa;par;1024;0.640;1.71;0.02260;0.3921995
Qa;par;1024;0.640;1.71;0.04500;0.7643244
Qa;par;1024;0.640;1.71;0.09000;1.4475105
Qa;par;1024;0.640;2.00;0.00438;0.0745448
Qa;par;1024;0.640;2.00;0.02260;0.3775126
Qa;par;1024;0.640;2.00;0.04500;0.7378776
Qa;par;1024;0.640;2.00;0.09000;1.4048882
Qa;par;1024;0.832;1.71;0.04500;1.0780594
Qa;par;128;0.168;1.66;0.00200;0.0086956
Qa;par;128;0.235;1.66;0.00200;0.0051277
Qa;par;128;0.320;1.71;0.04500;0.1603605
Qa;par;128;0.336;1.30;0.00100;0.0043485
Qa;par;128;0.336;1.30;0.00438;0.0190189
Qa;par;128;0.336;1.66;0.00200;0.0078105
Qa;par;128;0.336;1.68;0.00100;0.0038773
Qa;par;128;0.336;1.68;0.00438;0.0169628
Qa;par;128;0.336;2.00;0.00100;0.003385
Qa;par;128;0.336;2.00;0.00438;0.0148128
Qa;par;128;0.437;1.66;0.00200;0.0108114
Qa;par;128;0.448;1.71;0.04500;0.2424137
Qa;par;128;0.504;1.71;0.04500;0.2817383
Qa;par;128;0.640;1.30;0.00100;0.0090213
Qa;par;128;0.640;1.30;0.00438;0.039378
Qa;par;128;0.640;1.68;0.00100;0.0089308
Qa;par;128;0.640;1.68;0.00438;0.0390003
Qa;par;128;0.640;2.00;0.00438;0.0373163
Qa;par;128;0.832;1.71;0.04500;0.5500425
Qa;par;256;0.168;1.66;0.00200;0.0044242
Qa;par;256;0.235;1.66;0.00200;0.0064601
Qa;par;256;0.320;1.71;0.04500;0.2016579
Qa;par;256;0.336;1.30;0.00100;0.0054785
Qa;par;256;0.336;1.30;0.00438;0.0239562
Qa;par;256;0.336;1.66;0.00200;0.0098398
Qa;par;256;0.336;1.68;0.00100;0.0048848
Qa;par;256;0.336;1.68;0.00438;0.0213676
Qa;par;256;0.336;2.00;0.00100;0.0042647
Qa;par;256;0.336;2.00;0.00438;0.0186599
Qa;par;256;0.437;1.66;0.00200;0.0136198
Qa;par;256;0.448;1.71;0.04500;0.3045544
Qa;par;256;0.504;1.71;0.04500;0.3537941
Qa;par;256;0.640;1.30;0.00100;0.0113648
Qa;par;256;0.640;1.30;0.00438;0.0495873
Qa;par;256;0.640;1.68;0.00100;0.0112509
Qa;par;256;0.640;1.68;0.00438;0.0491148
Qa;par;256;0.640;2.00;0.00438;0.0469968
Qa;par;256;0.832;1.71;0.04500;0.6882536
Qa;par;512;0.168;1.66;0.00200;0.0055739
Qa;par;512;0.235;1.66;0.00200;0.0081387
Qa;par;512;0.320;1.71;0.04500;0.2536024
Qa;par;512;0.336;1.30;0.00100;0.0069021
Qa;par;512;0.336;1.30;0.00220;0.0151746
Qa;par;512;0.336;1.30;0.00438;0.0301755
Qa;par;512;0.336;1.30;0.02260;0.1542059
Qa;par;512;0.336;1.30;0.09000;0.5948004
Qa;par;512;0.336;1.66;0.00100;0.0062008
Qa;par;512;0.336;1.66;0.00200;0.0123962
Qa;par;512;0.336;1.66;0.00220;0.0136346
Qa;par;512;0.336;1.66;0.00438;0.0271195
Qa;par;512;0.336;1.68;0.00100;0.0061542
Qa;par;512;0.336;1.68;0.00438;0.0269162
Qa;par;512;0.336;1.71;0.02260;0.1362512
Qa;par;512;0.336;1.71;0.04500;0.2700079
Qa;par;512;0.336;1.71;0.09000;0.5283047
Qa;par;512;0.336;2.00;0.00100;0.005373
Qa;par;512;0.336;2.00;0.00220;0.0118157
Qa;par;512;0.336;2.00;0.00438;0.0235064
Qa;par;512;0.336;2.00;0.02260;0.1205365
Qa;par;512;0.336;2.00;0.09000;0.4694062
Qa;par;512;0.437;1.66;0.00200;0.0171578
Qa;par;512;0.448;1.71;0.04500;0.382651
Qa;par;512;0.504;1.71;0.04500;0.4443145
Qa;par;512;0.640;1.30;0.00100;0.0143171
Qa;par;512;0.640;1.30;0.00438;0.0624443
Qa;par;512;0.640;1.30;0.02260;0.3150564
Qa;par;512;0.640;1.30;0.04500;0.613336
Qa;par;512;0.640;1.30;0.09000;1.1606841
Qa;par;512;0.640;1.68;0.00100;0.0141738
Qa;par;512;0.640;1.68;0.00438;0.0618532
Qa;par;512;0.640;1.71;0.02260;0.3119847
Qa;par;512;0.640;1.71;0.04500;0.6093499
Qa;par;512;0.640;1.71;0.09000;1.1590439
Qa;par;512;0.640;2.00;0.00438;0.0591891
Qa;par;512;0.640;2.00;0.02260;0.3002264
Qa;par;512;0.640;2.00;0.04500;0.5879731
Qa;par;512;0.640;2.00;0.09000;1.1238184
Qa;par;512;0.832;1.71;0.04500;0.8613371
Qa;tm;1024;0.168;1.66;0.002;0.007714472
Qa;tm;1024;0.235;1.66;0.002;0.01127156
Qa;tm;1024;0.336;1.30;0.001;0.00868094
Qa;tm;1024;0.336;1.30;0.0438;0.03795452
Qa;tm;1024;0.336;1.66;0.001;0.007870656
Qa;tm;1024;0.336;1.66;0.002;0.0172326
Qa;tm;1024;0.336;1.66;0.00438;0.034428
Qa;tm;1024;0.336;1.71;0.045;0.0172326
Qa;tm;1024;0.336;2.00;0.001;0.0070451357
Qa;tm;1024;0.336;2.00;0.0438;0.030827875
Qa;tm;1024;0.640;1.30;0.0226;0.3947813636
Qa;tm;1024;0.640;1.30;0.09;1.4271272727
Qa;tm;1024;0.640;1.71;0.0226;0.39838
Qa;tm;1024;0.640;1.71;0.045;0.7775925
Qa;tm;1024;0.640;2.00;0.0226;0.400296
Qa;tm;1024;0.640;2.00;0.045;0.77058
Qa;tm;128;0.168;1.66;0.002;0.0038435609
Qa;tm;128;0.235;1.66;0.002;0.00559304
Qa;tm;128;0.32;1.71;0.045;0.1615916
Qa;tm;128;0.336;1.66;0.002;0.008604912
Qa;tm;128;0.437;1.66;0.002;0.01193736
Qa;tm;128;0.448;1.71;0.045;0.2453732
Qa;tm;128;0.504;1.66;0.002;0.0144687083
Qa;tm;128;0.73;1.71;0.069;0.6945516
Qa;tm;128;0.832;1.71;0.045;0.56272375
Qa;tm;128;0.96;1.71;0.045;0.6829657143
Qa;tm;128;0.336;1.30;0.001;0.0043263909
Qa;tm;128;0.336;1.30;0.0438;0.0189418636
Qa;tm;128;0.336;1.30;0.0226;0.09703604
Qa;tm;128;0.336;1.30;0.09;0.3760368
Qa;tm;128;0.336;1.68;0.001;0.0038797273
Qa;tm;128;0.336;1.68;0.00438;0.0170180455
Qa;tm;128;0.336;2.00;0.001;0.0034808818
Qa;tm;128;0.336;2.00;0.0438;0.0152880909
Qa;tm;128;0.336;2.00;0.0226;0.07849896
Qa;tm;128;0.336;2.00;0.09;0.305376
Qa;tm;128;0.640;1.30;0.001;0.009004984
Qa;tm;128;0.640;1.30;0.0438;0.0393513529
Qa;tm;128;0.640;1.30;0.0226;0.1988004
Qa;tm;128;0.640;1.30;0.09;0.7344572
Qa;tm;128;0.640;1.68;0.001;0.009127092
Qa;tm;128;0.640;1.68;0.00438;0.03981312
Qa;tm;128;0.640;1.71;0.045;0.3948152
Qa;tm;128;0.640;2.00;0.001;0.0091462571428571424
Qa;tm;128;0.640;2.00;0.0438;0.039887791666666665
Qa;tm;128;0.640;2.00;0.0226;0.20129086956521738
Qa;tm;128;0.640;2.00;0.09;0.7515547619
Qa;tm;256;0.168;1.66;0.002;0.00484036
Qa;tm;256;0.235;1.66;0.002;0.0070651
Qa;tm;256;0.32;1.71;0.045;0.2035752
Qa;tm;256;0.437;1.66;0.002;0.01506868
Qa;tm;256;0.448;1.71;0.045;0.3085068
Qa;tm;256;0.504;1.71;0.045;0.3585888
Qa;tm;256;0.832;1.71;0.045;0.7026141667
Qa;tm;256;0.336;1.30;0.001;0.0054576667
Qa;tm;256;0.336;1.30;0.0438;0.02387975
Qa;tm;256;0.336;1.30;0.0226;0.1222078947
Qa;tm;256;0.336;1.30;0.09;0.471592
Qa;tm;256;0.336;1.66;0.002;0.01082328
Qa;tm;256;0.336;1.68;0.001;0.0049025083
Qa;tm;256;0.336;1.68;0.00438;0.02147825
Qa;tm;256;0.336;2.00;0.001;0.0044118571
Qa;tm;256;0.336;2.00;0.0438;0.0193177273
Qa;tm;256;0.336;2.00;0.0226;0.098993
Qa;tm;256;0.336;2.00;0.09;0.3839262069
Qa;tm;256;0.640;1.30;0.001;0.0113475455
Qa;tm;256;0.640;1.30;0.0438;0.0495620909
Qa;tm;256;0.640;1.30;0.0226;0.2500333333
Qa;tm;256;0.640;1.68;0.001;0.0115000455
Qa;tm;256;0.640;1.68;0.00438;0.0501450455
Qa;tm;256;0.640;1.71;0.045;0.49464625
Qa;tm;256;0.640;2.00;0.001;0.0115178333
Qa;tm;256;0.640;2.00;0.0438;0.0502313684
Qa;tm;256;0.96;1.30;0.006;0.1094736
Qa;tm;256;0.96;1.30;0.0226;0.396432
Qa;tm;256;0.96;1.30;0.09;1.361576
Qa;tm;256;0.96;1.30;0.3;3.132972
Qa;tm;256;0.96;1.71;0.045;0.85098
Qa;tm;256;0.96;2.00;0.006;0.13762
Qa;tm;512;0.168;1.66;0.002;0.006108632
Qa;tm;512;0.235;1.66;0.002;0.008922328
Qa;tm;512;0.32;1.71;0.045;0.2564632
Qa;tm;512;0.437;1.66;0.002;0.0190022381
Qa;tm;512;0.448;1.71;0.045;0.3881232
Qa;tm;512;0.504;1.66;0.002;0.022898375
Qa;tm;512;0.73;1.71;0.002;0.02973
Qa;tm;512;0.336;1.30;0.001;0.006885128
Qa;tm;512;0.336;1.30;0.0438;0.03011312
Qa;tm;512;0.336;1.30;0.0226;0.1539032
Qa;tm;512;0.336;1.30;0.09;0.592036
Qa;tm;512;0.336;1.66;0.002;0.01365788
Qa;tm;512;0.336;1.68;0.001;0.00618534
Qa;tm;512;0.336;1.68;0.00438;0.0271139583
Qa;tm;512;0.336;2.00;0.0226;0.1249824
Qa;tm;512;0.336;2.00;0.09;0.4832404
Qa;tm;512;0.640;1.30;0.0226;0.3141988
Qa;tm;512;0.640;1.30;0.045;0.6069792
Qa;tm;512;0.640;1.30;0.09;1.145008
Qa;tm;512;0.640;1.71;0.0226;0.3179075
Qa;tm;512;0.640;1.71;0.09;1.164056
Qa;tm;512;0.640;1.71;0.045;0.6215848
Qa;tm;512;0.640;2.00;0.0226;0.31861190476190476
Qa;tm;512;0.640;2.00;0.045;0.6144315
Qa;tm;512;0.640;2.00;0.09;1.1733526316
Qe;par;1024;0.168;1.66;0.00200;0.1940721
Qe;par;1024;0.235;1.66;0.00200;0.4533054
Qe;par;1024;0.320;1.71;0.04500;1.418766
Qe;par;1024;0.336;1.30;0.00100;0.2528992
Qe;par;1024;0.336;1.30;0.00220;0.2631548
Qe;par;1024;0.336;1.30;0.00438;0.2817698
Qe;par;1024;0.336;1.30;0.02260;0.4365761
Qe;par;1024;0.336;1.30;0.09000;0.9999366
Qe;par;1024;0.336;1.66;0.00100;1.1174707
Qe;par;1024;0.336;1.66;0.00200;1.1247478
Qe;par;1024;0.336;1.66;0.00220;1.1262033
Qe;par;1024;0.336;1.66;0.00438;1.1420643
Qe;par;1024;0.336;1.68;0.00100;1.1789191
Qe;par;1024;0.336;1.68;0.00438;1.203241
Qe;par;1024;0.336;1.71;0.02260;1.4256617
Qe;par;1024;0.336;1.71;0.04500;1.5849321
Qe;par;1024;0.336;1.71;0.09000;1.8997543
Qe;par;1024;0.336;2.00;0.00100;2.2703345
Qe;par;1024;0.336;2.00;0.00220;2.2774308
Qe;par;1024;0.336;2.00;0.00438;2.2903228
Qe;par;1024;0.437;1.66;0.00200;2.1841831
Qe;par;1024;0.448;1.71;0.04500;3.0512276
Qe;par;1024;0.504;1.71;0.04500;3.9925971
Qe;par;1024;0.640;1.30;0.00100;1.1817106
Qe;par;1024;0.640;1.30;0.00438;1.2371867
Qe;par;1024;0.640;1.30;0.02260;1.5326297
Qe;par;1024;0.640;1.30;0.04500;1.8912158
Qe;par;1024;0.640;1.30;0.09000;2.5794044
Qe;par;1024;0.640;1.68;0.00100;5.8636093
Qe;par;1024;0.640;1.68;0.00438;5.9005079
Qe;par;1024;0.640;1.71;0.02260;6.575696
Qe;par;1024;0.640;1.71;0.04500;6.8080649
Qe;par;1024;0.640;1.71;0.09000;7.2641935
Qe;par;1024;0.640;2.00;0.00438;11.6440554
Qe;par;1024;0.640;2.00;0.02260;11.7398338
Qe;par;1024;0.640;2.00;0.04500;11.8604498
Qe;par;1024;0.640;2.00;0.09000;12.1050167
Qe;par;1024;0.832;1.71;0.04500;11.4882212
Qe;par;128;0.168;1.66;0.00200;0.2528992
Qe;par;128;0.235;1.66;0.00200;0.1478713
Qe;par;128;0.320;1.71;0.04500;0.5405501
Qe;par;128;0.336;1.30;0.00100;0.0889719
Qe;par;128;0.336;1.30;0.00438;0.1035369
Qe;par;128;0.336;1.66;0.00200;0.3925102
Qe;par;128;0.336;1.68;0.00100;0.4100591
Qe;par;128;0.336;1.68;0.00438;0.4226936
Qe;par;128;0.336;2.00;0.00100;0.7890562
Qe;par;128;0.336;2.00;0.00438;0.7997768
Qe;par;128;0.437;1.66;0.00200;0.7930884
Qe;par;128;0.448;1.71;0.04500;1.1834526
Qe;par;128;0.504;1.71;0.04500;1.5622336
Qe;par;128;0.640;1.30;0.00100;0.448996
Qe;par;128;0.640;1.30;0.00438;0.4779308
Qe;par;128;0.640;1.68;0.00100;2.2445416
Qe;par;128;0.640;1.68;0.00438;2.2680414
Qe;par;128;0.640;2.00;0.00438;4.5231714
Qe;par;128;0.832;1.71;0.04500;4.8431954
Qe;par;256;0.168;1.66;0.00200;0.0901267
Qe;par;256;0.235;1.66;0.00200;0.2203125
Qe;par;256;0.320;1.71;0.04500;0.7546166
Qe;par;256;0.336;1.30;0.00100;0.1283617
Qe;par;256;0.336;1.30;0.00438;0.1466626
Qe;par;256;0.336;1.66;0.00200;0.5682969
Qe;par;256;0.336;1.68;0.00100;0.5945442
Qe;par;256;0.336;1.68;0.00438;0.6102813
Qe;par;256;0.336;2.00;0.00100;1.1445384
Qe;par;256;0.336;2.00;0.00438;1.1577674
Qe;par;256;0.437;1.66;0.00200;1.1292728
Qe;par;256;0.448;1.71;0.04500;1.6408083
Qe;par;256;0.504;1.71;0.04500;2.1586795
Qe;par;256;0.640;1.30;0.00100;0.6273068
Qe;par;256;0.640;1.30;0.00438;0.6632933
Qe;par;256;0.640;1.68;0.00100;3.1288779
Qe;par;256;0.640;1.68;0.00438;3.1564982
Qe;par;256;0.640;2.00;0.00438;6.2735991
Qe;par;256;0.832;1.71;0.04500;6.5133238
Qe;par;512;0.168;1.66;0.00200;0.1339979
Qe;par;512;0.235;1.66;0.00200;0.3192175
Qe;par;512;0.320;1.71;0.04500;1.0397618
Qe;par;512;0.336;1.30;0.00100;0.1814811
Qe;par;512;0.336;1.30;0.00220;0.1896471
Qe;par;512;0.336;1.30;0.00438;0.2044702
Qe;par;512;0.336;1.30;0.02260;0.3277975
Qe;par;512;0.336;1.30;0.09000;0.7774652
Qe;par;512;0.336;1.66;0.00100;0.7996939
Qe;par;512;0.336;1.66;0.00200;0.8055473
Qe;par;512;0.336;1.66;0.00220;0.8067179
Qe;par;512;0.336;1.66;0.00438;0.8194762
Qe;par;512;0.336;1.68;0.00100;0.8436441
Qe;par;512;0.336;1.68;0.00438;0.8632212
Qe;par;512;0.336;1.71;0.02260;1.0339468
Qe;par;512;0.336;1.71;0.04500;1.1622988
Qe;par;512;0.336;1.71;0.09000;1.416063
Qe;par;512;0.336;2.00;0.00100;1.6244674
Qe;par;512;0.336;2.00;0.00220;1.6302488
Qe;par;512;0.336;2.00;0.00438;1.6407503
Qe;par;512;0.336;2.00;0.02260;1.7285756
Qe;par;512;0.336;2.00;0.09000;2.0544159
Qe;par;512;0.437;1.66;0.00200;1.5802916
Qe;par;512;0.448;1.71;0.04500;2.2474697
Qe;par;512;0.504;1.71;0.04500;2.9483049
Qe;par;512;0.640;1.30;0.00100;0.8650782
Qe;par;512;0.640;1.30;0.00438;0.9097859
Qe;par;512;0.640;1.30;0.02260;1.1481434
Qe;par;512;0.640;1.30;0.04500;1.43806
Qe;par;512;0.640;1.30;0.09000;1.9965078
Qe;par;512;0.640;1.68;0.00100;4.3040075
Qe;par;512;0.640;1.68;0.00438;4.3361359
Qe;par;512;0.640;1.71;0.02260;4.8609529
Qe;par;512;0.640;1.71;0.04500;5.0653367
Qe;par;512;0.640;1.71;0.09000;5.4664073
Qe;par;512;0.640;2.00;0.00438;8.5877905
Qe;par;512;0.640;2.00;0.02260;8.6892729
Qe;par;512;0.640;2.00;0.04500;8.8160362
Qe;par;512;0.640;2.00;0.09000;9.0700226
Qe;par;512;0.832;1.71;0.04500;8.6798563
Qe;tm;1024;0.168;1.66;0.002;0.195486
Qe;tm;1024;0.235;1.66;0.002;0.4503552
Qe;tm;1024;0.336;1.30;0.001;0.2531724
Qe;tm;1024;0.336;1.30;0.0438;0.2818284
Qe;tm;1024;0.336;1.66;0.001;1.0856196
Qe;tm;1024;0.336;1.66;0.002;1.0940524
Qe;tm;1024;0.336;1.66;0.00438;1.1043166667
Qe;tm;1024;0.336;1.71;0.045;1.0940524
Qe;tm;1024;0.336;2.00;0.001;2.2261785714
Qe;tm;1024;0.336;2.00;0.0438;2.2375291667
Qe;tm;1024;0.640;1.30;0.0226;1.5074772727
Qe;tm;1024;0.640;1.30;0.09;2.4796363636
Qe;tm;1024;0.640;1.71;0.0226;6.0531
Qe;tm;1024;0.640;1.71;0.045;6.051575
Qe;tm;1024;0.640;2.00;0.0226;9.41481
Qe;tm;1024;0.640;2.00;0.045;9.4321
Qe;tm;128;0.168;1.66;0.002;0.059875
Qe;tm;128;0.235;1.66;0.002;0.1484532
Qe;tm;128;0.32;1.71;0.045;0.536074
Qe;tm;128;0.336;1.66;0.002;0.3890664
Qe;tm;128;0.437;1.66;0.002;0.7817744
Qe;tm;128;0.448;1.71;0.045;1.15756
Qe;tm;128;0.504;1.66;0.002;1.1400958333
Qe;tm;128;0.73;1.71;0.069;3.566332
Qe;tm;128;0.832;1.71;0.045;4.4445958333
Qe;tm;128;0.96;1.71;0.045;5.6801285714
Qe;tm;128;0.336;1.30;0.001;0.0896971818
Qe;tm;128;0.336;1.30;0.0438;0.1041731818
Qe;tm;128;0.336;1.30;0.0226;0.1817748
Qe;tm;128;0.336;1.30;0.09;0.4647184
Qe;tm;128;0.336;1.68;0.001;0.4062277273
Qe;tm;128;0.336;1.68;0.00438;0.4187027273
Qe;tm;128;0.336;2.00;0.001;0.7954640909
Qe;tm;128;0.336;2.00;0.0438;0.8060731818
Qe;tm;128;0.336;2.00;0.0226;0.8626928
Qe;tm;128;0.336;2.00;0.09;1.0721748
Qe;tm;128;0.640;1.30;0.001;0.4545132
Qe;tm;128;0.640;1.30;0.0438;0.4875435294
Qe;tm;128;0.640;1.30;0.0226;0.6327644
Qe;tm;128;0.640;1.30;0.09;1.160628
Qe;tm;128;0.640;1.68;0.001;2.180308
Qe;tm;128;0.640;1.68;0.00438;2.199992
Qe;tm;128;0.640;1.71;0.045;2.614932
Qe;tm;128;0.640;2.00;0.001;4.2198285714285717
Qe;tm;128;0.640;2.00;0.0438;4.2267791666666668
Qe;tm;128;0.640;2.00;0.0226;4.2845130434782615
Qe;tm;128;0.640;2.00;0.09;4.5262809524
Qe;tm;256;0.168;1.66;0.002;0.0925696
Qe;tm;256;0.235;1.66;0.002;0.2235032
Qe;tm;256;0.32;1.71;0.045;0.7496464
Qe;tm;256;0.437;1.66;0.002;1.1119544
Qe;tm;256;0.448;1.71;0.045;1.596848
Qe;tm;256;0.504;1.71;0.045;2.0779
Qe;tm;256;0.832;1.71;0.045;5.7583375
Qe;tm;256;0.336;1.30;0.001;0.1288033333
Qe;tm;256;0.336;1.30;0.0438;0.14699
Qe;tm;256;0.336;1.30;0.0226;0.2438205263
Qe;tm;256;0.336;1.30;0.09;0.598724
Qe;tm;256;0.336;1.66;0.002;0.5652208
Qe;tm;256;0.336;1.68;0.001;0.5834225
Qe;tm;256;0.336;1.68;0.00438;0.5989091667
Qe;tm;256;0.336;2.00;0.001;1.1383428571
Qe;tm;256;0.336;2.00;0.0438;1.1505636364
Qe;tm;256;0.336;2.00;0.0226;1.2250076923
Qe;tm;256;0.336;2.00;0.09;1.4742517241
Qe;tm;256;0.640;1.30;0.001;0.6290245455
Qe;tm;256;0.640;1.30;0.0438;0.6644204545
Qe;tm;256;0.640;1.30;0.0226;0.85234
Qe;tm;256;0.640;1.68;0.001;2.9541545455
Qe;tm;256;0.640;1.68;0.00438;2.9764090909
Qe;tm;256;0.640;1.71;0.045;3.4987125
Qe;tm;256;0.640;2.00;0.001;5.57175
Qe;tm;256;0.640;2.00;0.0438;5.5826631579
Qe;tm;256;0.96;1.30;0.006;1.724568
Qe;tm;256;0.96;1.30;0.0226;1.93944
Qe;tm;256;0.96;1.30;0.09;2.740156
Qe;tm;256;0.96;1.30;0.3;4.673376
Qe;tm;256;0.96;1.71;0.045; 7.1868124999999994
Qe;tm;256;0.96;2.00;0.006;10.377
Qe;tm;512;0.168;1.66;0.002;0.132272
Qe;tm;512;0.235;1.66;0.002;0.311798
Qe;tm;512;0.32;1.71;0.045;1.0062428
Qe;tm;512;0.437;1.66;0.002;1.4968
Qe;tm;512;0.448;1.71;0.045;2.118144
Qe;tm;512;0.504;1.66;0.002;2.1306583333
Qe;tm;512;0.73;1.71;0.002;5.6803
Qe;tm;512;0.336;1.30;0.001;0.1788124
Qe;tm;512;0.336;1.30;0.0438;0.2016624
Qe;tm;512;0.336;1.30;0.0226;0.3241944
Qe;tm;512;0.336;1.30;0.09;0.7683548
Qe;tm;512;0.336;1.66;0.002;0.774996
Qe;tm;512;0.336;1.68;0.001;0.791622
Qe;tm;512;0.336;1.68;0.00438;0.8262625
Qe;tm;512;0.336;2.00;0.0226;1.673284
Qe;tm;512;0.336;2.00;0.09;1.984832
Qe;tm;512;0.640;1.30;0.0226;1.123928
Qe;tm;512;0.640;1.30;0.045;1.397784
Qe;tm;512;0.640;1.30;0.09;1.92472
Qe;tm;512;0.640;1.71;0.0226;4.3256
Qe;tm;512;0.640;1.71;0.09;4.857268
Qe;tm;512;0.640;1.71;0.045;4.558676
Qe;tm;512;0.640;2.00;0.0226;7.2857666666666674
Qe;tm;512;0.640;2.00;0.045;7.3381099999999986
Qe;tm;512;0.640;2.00;0.09;7.5157210526
Qs;par;1024;0.168;1.66;0.00200;0.1870497
Qs;par;1024;0.235;1.66;0.00200;0.4430519
Qs;par;1024;0.320;1.71;0.04500;1.0998294
Qs;par;1024;0.336;1.30;0.00100;0.2442036
Qs;par;1024;0.336;1.30;0.00220;0.2440384
Qs;par;1024;0.336;1.30;0.00438;0.2437602
Qs;par;1024;0.336;1.30;0.02260;0.2425319
Qs;par;1024;0.336;1.30;0.09000;0.2542563
Qs;par;1024;0.336;1.66;0.00100;1.1096586
Qs;par;1024;0.336;1.66;0.00200;1.109131
Qs;par;1024;0.336;1.66;0.00220;1.1090264
Qs;par;1024;0.336;1.66;0.00438;1.1079026
Qs;par;1024;0.336;1.68;0.00100;1.1711656
Qs;par;1024;0.336;1.68;0.00438;1.1693352
Qs;par;1024;0.336;1.71;0.02260;1.2541624
Qs;par;1024;0.336;1.71;0.04500;1.2454025
Qs;par;1024;0.336;1.71;0.09000;1.2366937
Qs;par;1024;0.336;2.00;0.00100;2.2635651
Qs;par;1024;0.336;2.00;0.00220;2.2625451
Qs;par;1024;0.336;2.00;0.00438;2.2607112
Qs;par;1024;0.437;1.66;0.00200;2.1625683
Qs;par;1024;0.448;1.71;0.04500;2.5704331
Qs;par;1024;0.504;1.71;0.04500;3.4345744
Qs;par;1024;0.640;1.30;0.00100;1.1636742
Qs;par;1024;0.640;1.30;0.00438;1.1585511
Qs;par;1024;0.640;1.30;0.02260;1.1367042
Qs;par;1024;0.640;1.30;0.04500;1.1224139
Qs;par;1024;0.640;1.30;0.09000;1.1317774
Qs;par;1024;0.640;1.68;0.00100;5.8457532
Qs;par;1024;0.640;1.68;0.00438;5.8226123
Qs;par;1024;0.640;1.71;0.02260;6.1834965
Qs;par;1024;0.640;1.71;0.04500;6.0437407
Qs;par;1024;0.640;1.71;0.09000;5.8166828
Qs;par;1024;0.640;2.00;0.00438;11.5695105
Qs;par;1024;0.640;2.00;0.02260;11.3623209
Qs;par;1024;0.640;2.00;0.04500;11.1225719
Qs;par;1024;0.640;2.00;0.09000;10.7001286
Qs;par;1024;0.832;1.71;0.04500;10.410162
Qs;par;128;0.168;1.66;0.00200;0.2442036
Qs;par;128;0.235;1.66;0.00200;0.1427436
Qs;par;128;0.320;1.71;0.04500;0.3801895
Qs;par;128;0.336;1.30;0.00100;0.0846233
Qs;par;128;0.336;1.30;0.00438;0.0845181
Qs;par;128;0.336;1.66;0.00200;0.3846997
Qs;par;128;0.336;1.68;0.00100;0.4061818
Qs;par;128;0.336;1.68;0.00438;0.4057308
Qs;par;128;0.336;2.00;0.00100;0.7856712
Qs;par;128;0.336;2.00;0.00438;0.784964
Qs;par;128;0.437;1.66;0.00200;0.782277
Qs;par;128;0.448;1.71;0.04500;0.9410388
Qs;par;128;0.504;1.71;0.04500;1.2804953
Qs;par;128;0.640;1.30;0.00100;0.4399747
Qs;par;128;0.640;1.30;0.00438;0.4385528
Qs;par;128;0.640;1.68;0.00100;2.235611
Qs;par;128;0.640;1.68;0.00438;2.2290411
Qs;par;128;0.640;2.00;0.00438;4.4858551
Qs;par;128;0.832;1.71;0.04500;4.2931528
Qs;par;256;0.168;1.66;0.00200;0.0857025
Qs;par;256;0.235;1.66;0.00200;0.2138525
Qs;par;256;0.320;1.71;0.04500;0.5529587
Qs;par;256;0.336;1.30;0.00100;0.1228833
Qs;par;256;0.336;1.30;0.00438;0.1227064
Qs;par;256;0.336;1.66;0.00200;0.5584571
Qs;par;256;0.336;1.68;0.00100;0.5896595
Qs;par;256;0.336;1.68;0.00438;0.5889138
Qs;par;256;0.336;2.00;0.00100;1.1402737
Qs;par;256;0.336;2.00;0.00438;1.1391075
Qs;par;256;0.437;1.66;0.00200;1.115653
Qs;par;256;0.448;1.71;0.04500;1.3362539
Qs;par;256;0.504;1.71;0.04500;1.8048855
Qs;par;256;0.640;1.30;0.00100;0.615942
Qs;par;256;0.640;1.30;0.00438;0.613706
Qs;par;256;0.640;1.68;0.00100;3.1176269
Qs;par;256;0.640;1.68;0.00438;3.1073835
Qs;par;256;0.640;2.00;0.00438;6.2266026
Qs;par;256;0.832;1.71;0.04500;5.8250699
Qs;par;512;0.168;1.66;0.00200;0.128424
Qs;par;512;0.235;1.66;0.00200;0.3110788
Qs;par;512;0.320;1.71;0.04500;0.7861593
Qs;par;512;0.336;1.30;0.00100;0.174579
Qs;par;512;0.336;1.30;0.00220;0.1744725
Qs;par;512;0.336;1.30;0.00438;0.1742947
Qs;par;512;0.336;1.30;0.02260;0.1735916
Qs;par;512;0.336;1.30;0.09000;0.1826649
Qs;par;512;0.336;1.66;0.00100;0.7934932
Qs;par;512;0.336;1.66;0.00200;0.7931511
Qs;par;512;0.336;1.66;0.00220;0.7930833
Qs;par;512;0.336;1.66;0.00438;0.7923567
Qs;par;512;0.336;1.68;0.00100;0.8374899
Qs;par;512;0.336;1.68;0.00438;0.836305
Qs;par;512;0.336;1.71;0.02260;0.8976955
Qs;par;512;0.336;1.71;0.04500;0.8922909
Qs;par;512;0.336;1.71;0.09000;0.8877583
Qs;par;512;0.336;2.00;0.00100;1.6190944
Qs;par;512;0.336;2.00;0.00220;1.618433
Qs;par;512;0.336;2.00;0.00438;1.6172439
Qs;par;512;0.336;2.00;0.02260;1.608039
Qs;par;512;0.336;2.00;0.09000;1.5850097
Qs;par;512;0.437;1.66;0.00200;1.5631338
Qs;par;512;0.448;1.71;0.04500;1.8648186
Qs;par;512;0.504;1.71;0.04500;2.5039904
Qs;par;512;0.640;1.30;0.00100;0.8507611
Qs;par;512;0.640;1.30;0.00438;0.8473415
Qs;par;512;0.640;1.30;0.02260;0.833087
Qs;par;512;0.640;1.30;0.04500;0.8247241
Qs;par;512;0.640;1.30;0.09000;0.8358237
Qs;par;512;0.640;1.68;0.00100;4.2898335
Qs;par;512;0.640;1.68;0.00438;4.2742829
Qs;par;512;0.640;1.71;0.02260;4.5489683
Qs;par;512;0.640;1.71;0.04500;4.455987
Qs;par;512;0.640;1.71;0.09000;4.3073635
Qs;par;512;0.640;2.00;0.00438;8.5286016
Qs;par;512;0.640;2.00;0.02260;8.3890467
Qs;par;512;0.640;2.00;0.04500;8.2280636
Qs;par;512;0.640;2.00;0.09000;7.9462047
Qs;par;512;0.832;1.71;0.04500;7.8185196
Qs;tm;1024;0.168;1.66;0.002;0.18777
Qs;tm;1024;0.235;1.66;0.002;0.439084
Qs;tm;1024;0.336;1.30;0.001;0.2444912
Qs;tm;1024;0.336;1.30;0.0438;0.2438732
Qs;tm;1024;0.336;1.66;0.001;1.0777464
Qs;tm;1024;0.336;1.66;0.002;1.076822
Qs;tm;1024;0.336;1.66;0.00438;1.0698866667
Qs;tm;1024;0.336;1.71;0.045;1.076822
Qs;tm;1024;0.336;2.00;0.001;2.2191142857
Qs;tm;1024;0.336;2.00;0.0438;2.206725
Qs;tm;1024;0.640;1.30;0.0226;1.1126968182
Qs;tm;1024;0.640;1.30;0.09;1.0525090909
Qs;tm;1024;0.640;1.71;0.0226;5.6548
Qs;tm;1024;0.640;1.71;0.045;5.27395
Qs;tm;1024;0.640;2.00;0.0226;9.01452
Qs;tm;1024;0.640;2.00;0.045;8.6615
Qs;tm;128;0.168;1.66;0.002;0.0560314348
Qs;tm;128;0.235;1.66;0.002;0.1428592
Qs;tm;128;0.32;1.71;0.045;0.3744824
Qs;tm;128;0.336;1.66;0.002;0.3804616
Qs;tm;128;0.437;1.66;0.002;0.7698392
Qs;tm;128;0.448;1.71;0.045;0.9121708
Qs;tm;128;0.504;1.66;0.002;1.1256208333
Qs;tm;128;0.73;1.71;0.069;2.871776
Qs;tm;128;0.832;1.71;0.045;3.8818666667
Qs;tm;128;0.96;1.71;0.045;4.9971571429
Qs;tm;128;0.336;1.30;0.001;0.0853708182
Qs;tm;128;0.336;1.30;0.0438;0.0852307727
Qs;tm;128;0.336;1.30;0.0226;0.08473924
Qs;tm;128;0.336;1.30;0.09;0.08868256
Qs;tm;128;0.336;1.68;0.001;0.4023459091
Qs;tm;128;0.336;1.68;0.00438;0.4016854545
Qs;tm;128;0.336;2.00;0.001;0.7919822727
Qs;tm;128;0.336;2.00;0.0438;0.7907840909
Qs;tm;128;0.336;2.00;0.0226;0.7841932
Qs;tm;128;0.336;2.00;0.09;0.7668016
Qs;tm;128;0.640;1.30;0.001;0.4455092
Qs;tm;128;0.640;1.30;0.0438;0.4481917647
Qs;tm;128;0.640;1.30;0.0226;0.433964
Qs;tm;128;0.640;1.30;0.09;0.4261664
Qs;tm;128;0.640;1.68;0.001;2.171172
Qs;tm;128;0.640;1.68;0.00438;2.160172
Qs;tm;128;0.640;1.71;0.045;2.22012
Qs;tm;128;0.640;2.00;0.001;4.2106761904761907
Qs;tm;128;0.640;2.00;0.0438;4.1868708333333329
Qs;tm;128;0.640;2.00;0.0226;4.08321304347826
Qs;tm;128;0.640;2.00;0.09;3.7747238095
Qs;tm;256;0.168;1.66;0.002;0.0877288
Qs;tm;256;0.235;1.66;0.002;0.2164368
Qs;tm;256;0.32;1.71;0.045;0.5460728
Qs;tm;256;0.437;1.66;0.002;1.096874
Qs;tm;256;0.448;1.71;0.045;1.288344
Qs;tm;256;0.504;1.71;0.045;1.719308
Qs;tm;256;0.832;1.71;0.045;5.0557208333
Qs;tm;256;0.336;1.30;0.001;0.1233475
Qs;tm;256;0.336;1.30;0.0438;0.12311
Qs;tm;256;0.336;1.30;0.0226;0.1216136842
Qs;tm;256;0.336;1.30;0.09;0.1271313333
Qs;tm;256;0.336;1.66;0.002;0.5543968
Qs;tm;256;0.336;1.68;0.001;0.5785208333
Qs;tm;256;0.336;1.68;0.00438;0.5774283333
Qs;tm;256;0.336;2.00;0.001;1.1339428571
Qs;tm;256;0.336;2.00;0.0438;1.1312545455
Qs;tm;256;0.336;2.00;0.0226;1.1260076923
Qs;tm;256;0.336;2.00;0.09;1.0903265517
Qs;tm;256;0.640;1.30;0.001;0.6176772727
Qs;tm;256;0.640;1.30;0.0438;0.6148581818
Qs;tm;256;0.640;1.30;0.0226;0.6023133333
Qs;tm;256;0.640;1.68;0.001;2.9426681818
Qs;tm;256;0.640;1.68;0.00438;2.9262545455
Qs;tm;256;0.640;1.71;0.045;3.0040625
Qs;tm;256;0.640;2.00;0.001;5.5602333333
Qs;tm;256;0.640;2.00;0.0438;5.5324368421
Qs;tm;256;0.96;1.30;0.006;1.615088
Qs;tm;256;0.96;1.30;0.0226;1.54302
Qs;tm;256;0.96;1.30;0.09;1.378596
Qs;tm;256;0.96;1.30;0.3;1.540408
Qs;tm;256;0.96;1.71;0.045;6.3358416666666661
Qs;tm;256;0.96;2.00;0.006;10.239
Qs;tm;512;0.168;1.66;0.002;0.126164
Qs;tm;512;0.235;1.66;0.002;0.3028744
Qs;tm;512;0.32;1.71;0.045;0.7497744
Qs;tm;512;0.437;1.66;0.002;1.4777904762
Qs;tm;512;0.448;1.71;0.045;1.730012
Qs;tm;512;0.504;1.66;0.002;2.1077625
Qs;tm;512;0.73;1.71;0.002;5.6506
Qs;tm;512;0.336;1.30;0.001;0.171926
Qs;tm;512;0.336;1.30;0.0438;0.1715508
Qs;tm;512;0.336;1.30;0.0226;0.1702908
Qs;tm;512;0.336;1.30;0.09;0.17632
Qs;tm;512;0.336;1.66;0.002;0.7613376
Qs;tm;512;0.336;1.68;0.001;0.78544
Qs;tm;512;0.336;1.68;0.00438;0.7991475
Qs;tm;512;0.336;2.00;0.0226;1.548304
Qs;tm;512;0.336;2.00;0.09;1.501608
Qs;tm;512;0.640;1.30;0.0226;0.8097372
Qs;tm;512;0.640;1.30;0.045;0.7908076
Qs;tm;512;0.640;1.30;0.09;0.779706
Qs;tm;512;0.640;1.71;0.0226;4.0077
Qs;tm;512;0.640;1.71;0.09;3.693208
Qs;tm;512;0.640;1.71;0.045;3.937104
Qs;tm;512;0.640;2.00;0.0226;6.9671619047619053
Qs;tm;512;0.640;2.00;0.045;6.723679999999999
Qs;tm;512;0.640;2.00;0.09;6.3423789474
